	VideoUrl	Upload date	Name	Cause	Symptom	Issue	Issue 2	Model Identifier	Model Number	Logic Board Part Number	Other info	Status	User working on it	Link to wiki page	Notes		
1	https://www.youtube.com/watch?v=uohBN9y0gTs	09.01.2019	Does Macbook can be fixed?		No power	On charger 5V, 0.3A; CD3215 popped open		MacBook	A1707			done	Subtle Nod		After replacing CD3252, and plugging it in, it took 5.23 volts, and 1 amp, then the PCH started smoking using 20 volts and 6 milamps. Then Louis passed the board to Paul.		You can either comment here
2	https://www.youtube.com/watch?v=Qil4DzBgm3I	17.01.2019	Macbook Air logic board repair PM_SLP_S4_L missing			PM_SLP_S4_L missing		MacBook Air	?	?		help needed identifying the board	nunopiri		same as https://wiki2.rossmanngroup.com/index.php?title=A1465_2013-2014_11%E2%80%9D_Macbook_Air however there is only 09mA power draw and couldn't identify the model		Or join the discord: https://discord.gg/QVaFTRm
3	https://www.youtube.com/watch?v=6dIXmrpHvSk	02.02.2019	MacBook air board repair + ten minutes of pure, unadulterated shilling for rossmanngroup.com					MacBook Air	?	?		help needed identifying the board					Link to wiki
4	https://www.youtube.com/watch?v=XbJIIh20cJs	15.03.2019	No backlight on awful Macbook Air		No backlight	0V on backlight enable, 200KOhm resistor in the voltage divider measuring 7.3 million ohms		MacBook Air	?	?		help needed identifying the board					
5	https://www.youtube.com/watch?v=P18RnSzkejw	12.02.2019	Why is ALL_SYS_PWRGD missing?		No power			MacBook Air	A1466	820-00165		Nothing yet	RendySurvage				
6	https://www.youtube.com/watch?v=TanMkzTZPPQ	30.03.2019	What does knockoff charger do to Macbook Pro Retina?		No power	Macbook not getting power.	Long screw damage	MacBook Pro Retina	A1398	820-3787	Incorrect webcam cable used	Done, Not 	CAT_HQ_1				
7	https://www.youtube.com/watch?v=FpNitLBUuYI	09.04.2019	NEW Macbook Air repair || discussion of Google's CREEPY permanent storage of all recordings		No power			MacBook Air	A1932	820-01521-02		Nothing yet	nunopiri				
8	https://www.youtube.com/watch?v=7-fmZX4FcNc	12.04.2019	Passing gear down to channel's protege		No power	5.22 volts, 0A, doesn't change to 20V before it dies - it immediately dies		MacBook Pro				Nothing yet	olegs				
9	https://www.youtube.com/watch?v=eJvoZMD4iBE	26.04.2019	Why pay Louis? YOU CAN TAKE IT SOMEPLACE CHEAPER!!!	Bad Reflow of U8900	Initially no power, then only power without image	Bridging between resistors R8983 and R8974	Bridges between U8900 pins {13, 14, 15} and {18, 19} due to solder bubbles	Macbook Pro	A1398	820-3332	There was clicking from (probably) the hard drive, but it was solved.	entry on wiki not done, please check transcripts; the model number is not from the year Louis mentions in the video			For further improvement: Filtered Video Transcript, and Full Video Transcript		
10	https://www.youtube.com/watch?v=QnowcxcO2-0	04.05.2019	Employee shows up to work drunk. Can he still beat Genius Bar?		No backlight, power button not working	Blown fuse, ribbon connector bad/dirty				820-00165, ???		Nothing yet			2 repairs in 1 video		
11	https://www.youtube.com/watch?v=PDKlWu1eDFA	05.05.2019	A1708 Macbook Pro 20v 0amps not turning on		No power			MacBook Pro	A1708			Nothing yet					
12	https://www.youtube.com/watch?v=rPMyN_BUgLA	20.05.2019	How Anel is spending his day					Macbook Pro	A1398			Nothing yet					
13	https://www.youtube.com/watch?v=_dAFctM5xTE	24.05.2019	Final non-Louis repair video my plane landed back in NYC see you later today									Nothing yet					
14	https://www.youtube.com/watch?v=MyHPEFzEGRg	10.06.2019	How do I fix a black screen on my Touchbar MacBook Pro?			Touch Bar		MacBook Pro				Nothing yet					
15	https://www.youtube.com/watch?v=z-jfh3TtTwE	09.06.2019	Why are the USB ports not working on my Mac?	Liquid Damage	USB ports not working	Corroded U4600 chip		MacBook Pro	A1286	820-3330		Done	Interseb	A1286 2012 15‚Äù Macbook Pro Wiki Page			
16	https://www.youtube.com/watch?v=N5OI0KM-NEA	29.05.2019	Fixing a Macbook. Let's fix a Macbook. :)	Liquid Damage	No Power	Doesn't turn on 12ma charging	No Green Light	MacBook Air	A1466	820-00165		Done	JustCubbin		ppbus342 present smc reset not present Fix:smc reset contact corrosion - clean & resolder		
17	https://www.youtube.com/watch?v=pVg6Oxn9IUM	16.07.2019	Recovering from mistakes while fixing a board. Positivity wins.					MacBook Pro	A1706			Nothing yet					
18	https://www.youtube.com/watch?v=xtjsCnEhnCg	10.08.2019	Mac authorized dealer said WHAT??? + 1st attempt at ASMR board repair.					MacBook Pro	A1706			Nothing yet					
19	https://www.youtube.com/watch?v=HJ2jyo7pAmE	27.10.2019	$3000 laptop turned to paperweight due to ISL9240 unavailability. :'(					MacBook Pro	A1708			Nothing yet					
20	https://www.youtube.com/watch?v=HSyctOS5_hk	29.11.2019	A1466 Macbook Air no green light		No power			MacBook Air	A1466			Nothing yet					
21	https://www.youtube.com/watch?v=cVG61nTr3PE	10.12.2019	Macbook Air Water Damage Repair	Liquid damage				MacBook Air	A1466			Nothing yet					
22	https://www.youtube.com/watch?v=yjY6QDTp5e8	13.12.2019	SSD SMOKES inside Macbook Air, is it fixable?	Liquid damage		SSD connector damaged the SSD		MacBook Air				In progress	MM		not much explanation		
23	https://www.youtube.com/watch?v=TmVU3E9QtNw	23.12.2019	What does a knockoff charger do to a Macbook Pro? Why should you not use one?		No power			MacBook Pro	A1398			In progress	Apophenia				
24	https://www.youtube.com/watch?v=d6Wpo87JgeY	24.12.2019	Macbook Pro touchbar logic board repair - no power		No power			MacBook Pro	A1706			Nothing yet					
25	https://www.youtube.com/watch?v=b39IQa_pffk	22.08.2020	A1466 Macbook Air starts with no backlight now has no image logic board repair		No backlight / no image			MacBook Air	A1466			Nothing yet					
26	https://www.youtube.com/watch?v=2T49iM5eY4U	24.08.2020	Fixing an A1398 Retina screen without replacing the LCD			Screen		MacBook Pro	A1398			Done	username: 0 on wiki	A1398 2012-early2013 15‚Äù Macbook Pro Retina			
27	https://www.youtube.com/watch?v=i_C9d_S117k	26.08.2020	Only 4v on PPBUS_G3H: what could be wrong with this A1398 Macbook Pro?					MacBook Pro	A1398			Nothing yet					
28	https://www.youtube.com/watch?v=SU1qg89ns90	16.10.2020	Macbook Air no power logic board repair without hot air station		No power			MacBook Air	A1466	820-3209		Nothing yet					
29	https://www.youtube.com/watch?v=zX2v-FbYgQ0	19.10.2020	Macbook Air logic board repair featuring sushi & the great state of Texas.					MacBook Air				Nothing yet					
30	https://www.youtube.com/watch?v=9JcmJ6LHdWA	06.03.2020	A1466 Macbook Air logic board repair - no green light on charger	Corrosion under SMC	No green light on charger			MacBook Air	A1466			Done	Jmt380	A1466 2015-2017 13‚Äù Macbook Air			
31	https://www.youtube.com/watch?v=ti2_ZH7n-Lk	05.04.2020	A happy Macbook board repair üòä 820-00281 dead no power	Exploded/blown capacitor	No power			MacBook Pro	A1707	820-00281		Done	username: 0 on wiki	https://wiki2.rossmanngroup.com/index.php?title=A1707_2016-2017_Touchbar_15%E2%80%9D_macbook_Pro			
32	https://www.youtube.com/watch?v=dvat2Ljix9Y	05.05.2020	Macbook board develops hole through it, Apple calls it liquid damage. üòÇ	Liquid damage				MacBook Pro	A1708			Nothing yet					
33	https://www.youtube.com/watch?v=bUUZUcu0wHM	24.05.2020	Apple PCB design is a meme.	Liquid damage	No backlight, no image	50V backlight pwr line bridged onto 1.7V img data line	CPU fried 	Macbook Pro	A1989		No fix (dead CPU). Commentary on bad PCB design (high voltage and low voltage right next to each other, no choke between that and the CPU)	Nothing yet					
34	https://www.youtube.com/watch?v=2xS74zNrmH4	27.05.2020	The sound of a suffering Macbook Air CPU with no heatpipe üò¢	Bad design	No power, clicking sound from CPU	Possible thermal damage to CPU due to bad design (no heat pipe)		MacBook Air	A2179	820-01055	No fix. Schematic not available as of May 2020.	Done	Apophenia	https://wiki2.rossmanngroup.com/index.php?title=A2179_Macbook_Air_2020	Short vid, no fix because no schematic when vid was made. If anyone is aware that a schematic is now available, we should update the wiki page.		
35	https://www.youtube.com/watch?v=vOQ0fb9M2m4	29.05.2020	Web design with Louis featuring a blueballed Macbook repair					MacBook				Nothing yet					
36	https://www.youtube.com/watch?v=8s7HBtQYcaM	12.06.2020	Macbook Pro no brain CPU vcore issue 820-3476			Processor		MacBook Pro	A1502	820-3476		Nothing yet					
37	https://www.youtube.com/watch?v=BPDI3k6uUdI	13.06.2020	A 20 minute rant disguised as a board repair video					MacBook Air	A1466			Nothing yet					
38	https://www.youtube.com/watch?v=US-Iia5Er7E	15.06.2020	A1707 Macbook Pro touchbar no power failed logic board PP3V3_G3H issue		No Power On			MacBook Pro	A1707	Touch Bar		Nothing yet					
39	https://www.youtube.com/watch?v=-K3IhB-xH-Y	16.06.2020	Diagnosing USB-C muxing issues that prevent Macbook from charging			USB-C		MacBook Pro	A1707			Nothing yet					
40	https://www.youtube.com/watch?v=ssTL3pKda54	20.06.2020	A1708 Macbook Pro USB-C port replacement: how to guide. 20v DC in rail short, logic board repair			USB-C		MacBook Pro	A1708			Nothing yet					
41	https://www.youtube.com/watch?v=72MS4GriOWA	27.06.2020	820-3115 A1278 Macbook logic board repair no power			No Power On		MacBook	A1278	820-3115		Nothing yet					
42	https://www.youtube.com/watch?v=UtjHpZs5O5w	29.06.2020	Macbook Pro dead again repairing the logic board			No Power On		MacBook Pro				Nothing yet					
43	https://www.youtube.com/watch?v=TZsvvUWUInE	07.07.2020	Replacing SMD capacitor without hot air station flat on the board PLEASE WORK THIRD UPLOAD									Nothing yet					
44	https://www.youtube.com/watch?v=lOwnVnVIc8w	16.07.2020	A1502 strange failure 0 000A drawn no power			No power		MacBook Pro	A1502			Nothing yet					
45	https://www.youtube.com/watch?v=m2IpCawa3wg	28.12.2019	A1398 Macbook Pro not turning on PPBUS_G3H not present			No power on		MacBook Pro	A1398			Nothing yet					
46	https://www.youtube.com/watch?v=z_N23fNAgpw	29.12.2019	A1466 Macbook Air 820-3437 fixed after lots of water damage	Liquid damage				MacBook Air	A1466			Nothing yet					
47	https://www.youtube.com/watch?v=O0sDWN0Pnio	20.10.2020	Macbook Pro 4v on PPBUS G3H how to repair common logic board failure			Common logic board failure		MacBook Pro	A1398	820-3332		Nothing yet					
48	https://www.youtube.com/watch?v=KnrZgwpiGy4	06.09.2020	Fixing a Macbook as the world burns helps me relax. Come relax with me. üôÇ					MacBook				Nothing yet					
49	https://www.youtube.com/watch?v=izQ6X78yy84	02.09.2020	A boring Macbook logic board repair.			Logic board repair		MacBook				Nothing yet					
50	https://www.youtube.com/watch?v=YIQXOLF8G_I	01.09.2020	820-3209 No power after water damage to Macbook Air logic board repair	Liquid damage				MacBook Air		820-3209		Nothing yet					
51	https://www.youtube.com/watch?v=O0_0YtdwgF0	31.08.2020	Will this badly water damaged A1502 Macbook Pro be fixable?	Liquid damage				MacBook Pro	A1502			Nothing yet					
52	https://www.youtube.com/watch?v=4L0ahpCzNk4	28.08.2020	A1466 Macbook Air drawing 66 mA, no green light on charger.			Macbook		MacBook Air	A1466			Nothing yet					
53	https://www.youtube.com/watch?v=-snMxmZXcgg	06.08.2020	Board repair featuring discussion of a new trade association									Nothing yet					
54	https://www.youtube.com/watch?v=ss6YNq768xo	26.07.2020	Let's fix a Macbook together! üòÉ					MacBook				Nothing yet					
55	https://www.youtube.com/watch?v=127AG8URlSE	20.07.2020	Why can't franchise fix Macbook? :(	Bad previous repair attempt	No power and not charging -> no backlight, no image	Cable installed backwards, fan prevented from spinning		MacBook Air	A1466			Nothing yet	Apophenia		Bad video quality (stuttering) but still easy to follow		
56	https://www.youtube.com/watch?v=JD60de2x6Rs	13.07.2020	Repairing a refurbished Apple motherboard for a Macbook Air - PROPERLY!					MacBook Air				Nothing yet					
57	https://www.youtube.com/watch?v=4ciaOUOatiY	24.06.2020	A long rambling boring board repair video									Nothing yet					
58	https://www.youtube.com/watch?v=PCJfa73GFOU	17.06.2020	It's a Macbook: of course keyboard backlight can kill the entire machine			Backlight		MacBook				Nothing yet					
59	https://www.youtube.com/watch?v=LTilng4Dugs	08.06.2020	A1466 Macbook Air 24 mA no PM_SLP_S4_L logic board repair					MacBook Air	A1466			Nothing yet					
60	https://www.youtube.com/watch?v=xGJCkyRU1yA	06.06.2020	Macbook sets board on fire because... Apple.		No power	U7090 burned resulting in no pp3v42_g3h output		MacBook	A1398	820-00163		Nothing yet					
61	https://www.youtube.com/watch?v=RqE4nj5dkjM	04.06.2020	Reusing A1398 LCD screen when screen backlight has died			Backlight		MacBook Pro	A1398			Nothing yet					
62	https://www.youtube.com/watch?v=8clIWQ13tGg	19.05.2020	Apple soldering was this bad(yes, really)			Resoldering						Nothing yet					
63	https://www.youtube.com/watch?v=lHJe8g52rSo	18.05.2020	A1466 Macbook Air logic board killed by bug poop					MacBook Air	A1466			Nothing yet					
64	https://www.youtube.com/watch?v=7n-R-TUrohg	17.05.2020	20 minute rant disguised as board repair: A1989 no power 820-00850 logic board repair			No power				820-00850		Nothing yet					
65	https://www.youtube.com/watch?v=vXAK2l1oMZM	12.05.2020	A1706 stuck at 5v with PP3V3_G3H present &working CD3215 - what could it be??	thunderbolt ROM on one of the sides is bad, need to be replaced	not charging	stuck at 5 volts 20-30ma		MacBook Pro	A1706		watch this video from 15:14 to get more info on this specific diagnosis   https://www.youtube.com/watch?v=vXAK2l1oMZM  	Nothing yet	Yahya Aswad				
66	https://www.youtube.com/watch?v=VhcbCn5D_Rg	10.05.2020	Macbook Air no backlight A1466 logic board repair			Backlight		MacBook Air	A1466			Nothing yet					
67	https://www.youtube.com/watch?v=VhcbCn5D_Rg		Macbook Air no backlight A1466 logic board repair									Duplicate					
68	https://www.youtube.com/watch?v=VhcbCn5D_Rg		Macbook Air no backlight A1466 logic board repair									Duplicate					
69	https://www.youtube.com/watch?v=eL_5YDRWqGE	07.05.2020	The hole won't win again: Macbook board DEFEATED and data recovered.					MacBook				Nothing yet					
70	https://www.youtube.com/watch?v=9rrMa6GMbt8	29.04.2020	Fixing a burned 821-1722 DC in cable on an A1466 Macbook Air.					MacBook Air	A1466	821-1722		Nothing yet					
71	https://www.youtube.com/watch?v=XhICjCeeBgc	25.04.2020	Poor little Macbook board gets ruined by terrible repair shop üò¢			Fixing bad repair work		MacBook				Nothing yet					
72	https://www.youtube.com/watch?v=m6lTkZnykqo	21.04.2020	Macbook Pro Touchbar questionmark folder repair	Broken trace	Question mark folder	SSD not detected		MacBook				Nothing yet					
73	https://www.youtube.com/watch?v=DvIAQ_j2Rd8	11.04.2020	A1466 Macbook Air no power: 24 mA isn't just a PM_SLP_S4_L problem!		No Power On			MacBook Air	A1466			Nothing yet					
74	https://www.youtube.com/watch?v=r2HyzGwH7Z0	30.03.2020	A1502 Macbook Pro logic board repair - 820-4924 120 mA usage, not powering on			Logic board repair		MacBook Pro	A1502	820-4924		Added to Wiki	PaulSchulz	https://wiki2.rossmanngroup.com/index.php?title=A1502_2015-2016_13%E2%80%9D_Macbook_Pro_Retina			
75	https://www.youtube.com/watch?v=ZoyHqdQPGy4	29.03.2020	A1466 Macbook Air - no backlight, no corona		No Power On	Backlight		MacBook Air	A1466			Nothing yet					
76	https://www.youtube.com/watch?v=afHSFPoq0jU	27.03.2020	A dead A1502 Macbook Pro 820-4924 taking 200 mA		No Power On			MacBook Pro	A1502	820-4924		Nothing yet					
77	https://www.youtube.com/watch?v=hwGF4cQuPLU	22.03.2020	Macbook wine spill repair 820-4924	Liquid Damage				MacBook		820-4924		Nothing yet					
78	https://www.youtube.com/watch?v=hwGF4cQuPLU		Macbook wine spill repair 820-4924									Duplicate					
79	https://www.youtube.com/watch?v=vAxnYJrspKs	21.03.2020	Macbook Pro 820-00281 PPBUS_G3H not present after liquid damage	Liquid Damage				MacBook Pro		820-00281		Nothing yet					
80	https://www.youtube.com/watch?v=R4iIf_PlLpA	19.03.2020	820-00239 board charger stuck at 5v-300mA then loops on/off. Why?		Power Loop					820-00239		Nothing yet					
81	https://www.youtube.com/watch?v=R4iIf_PlLpA		820-00239 board charger stuck at 5v-300mA then loops on/off. Why?									Duplicate					
82	https://www.youtube.com/watch?v=YhpDs3AJOyI	18.03.2020	Does Apple put poorly refurbished boards in customer devices when they pay for replacements?	Bad prior repair attempt	No power	Apple refurbished board; solder over corrosion -> bad joint			A1708		Dead CPU can also present like this	Nothing yet					
83	https://www.youtube.com/watch?v=ywvDgn7JR_c	07.03.2020	A1990 Macbook Pro DEAD after update: how to repair T2 failure on 820-01041			Firmware Issue		MacBook Pro	A1990			Nothing yet					
84	https://www.youtube.com/watch?v=8zqoHwVvuyI	03.03.2020	Macbook TROLLS me for an hour before I fix it üò°					MacBook				Nothing yet					
85	https://www.youtube.com/watch?v=yGDURMxwzt8	01.03.2020	Macbook Pro A1502 repair - braindead, no image, no POST, 200mA draw.					MacBook Pro	A1502			Nothing yet					
86	https://www.youtube.com/watch?v=Wb5dkH_mTEc	25.02.2020	Macbook not turning on: tricky charge circuit issue		No Power On			MacBook				Nothing yet					
87	https://www.youtube.com/watch?v=rVvNX-t1Xc0	24.02.2020	Louis returns to fixing Macbooks!					MacBook				Nothing yet					
88	https://www.youtube.com/watch?v=i7hM7Gl7Vqg	17.02.2020	Macbook Air board repair - it's about time üòä					MacBook Air				Nothing yet					
89	https://www.youtube.com/watch?v=9thetoRiVKM	16.02.2020	FIRST NEW OFFICE BOARD REPAIR!	Liquid damage			Magic Smoke					Nothing yet					
90	https://www.youtube.com/watch?v=tC1NMouKsqg	20.01.2020	macbook repair - I'm on a plane to Washington & sitting next to someone who SMELLS BAD for 6 hrs! üòû					MacBook				Nothing yet					
91	https://www.youtube.com/watch?v=Vjv-R8mohmw	13.01.2020	Macbook Pro A1398: drawing 100 mA, no green light, logic board repair		No Green Light			MacBook Pro	A1398			Nothing yet					
92	https://www.youtube.com/watch?v=qfh2fCVNeIQ	11.01.2020	Methodology to FAST logic board problem solving -  Macbook Pro no green light		No Green Light			MacBook Pro				Nothing yet					
93	https://www.youtube.com/watch?v=E2eO_cHTmm0	09.01.2020	BADLY corroded Macbook Pro: which corrosion is causing our issue, and why?	Liquid Damage				MacBook Pro				Nothing yet					
94	https://www.youtube.com/watch?v=6wE4ZIEdYdo	30.12.2019	It's Apple. Even the board components are laughing at you...									Nothing yet					
95	https://www.youtube.com/watch?v=nX7RwlTbHTQ	26.12.2019	What is an ACTIVE short and how does it differ from a NORMAL short circuit?									Nothing yet					
96	https://www.youtube.com/watch?v=p5ROyf2Un9E	22.12.2019	A1932 Macbook Air water damage repair	Liquid damage				MacBook Air	A1932			Nothing yet					
97	https://www.youtube.com/watch?v=8Cc01ZEJDJY	20.12.2019	Macbook Pro water damage repair	Liquid Damage				MacBook Pro				Nothing yet			97 and 98 NOT duplicates		
98	https://www.youtube.com/watch?v=DoiByFIPgK8	15.12.2020	Macbook Pro water damage repair									Nothing yet			(two vids with the same title)		
99	https://www.youtube.com/watch?v=e2r42X60CYI	14.12.2019	Macbook Pro USB port not working: repair, diagnosis and solution.	Defective chip	No USB ports working	U4600 Chip not working properly	L4610 or D4610 defective	MacBook Pro	A1278	820-2936	Both USB ports tested and not working.	Done	Interseb	https://wiki2.rossmanngroup.com/index.php?title=A1278_2012_13‚Äù_Macbook_Pro	U4600 replaced allowed recovery of 1st USB port. Replacement of D4610 and L4610 allowed recovert of 2nd USB port.		
100	https://www.youtube.com/watch?v=jYmnzhKe2e8	11.12.2019	A word regarding my lack of integrity.			Kernel panic		Macbook Pro	A1398			Nothing yet					
101	https://www.youtube.com/watch?v=PFcPZLOuMoo	07.12.2019	üò¢ Crazy nasty Macbook board brings Louis to brink of insanity, self pity, & defeat. üò¢					MacBook				Nothing yet					
102	https://www.youtube.com/watch?v=l6gqYTJPzbg	04.12.2019	A1502 Macbook Pro taking 160-180 mA but not turning on.					MacBook Pro	A1502			Nothing yet					
103	https://www.youtube.com/watch?v=vgBwxe2746c	03.12.2019	Why do I start measuring where I measure when fixing Macbook logic boards?			Logic boards meassurement		MacBook				Nothing yet					
104	https://www.youtube.com/watch?v=yt0f3sGSZas	30.11.2019	Soldered on Macbook SSD not showing up? How to diagnose & repair it!			SSD		MacBook				Nothing yet					
105	https://www.youtube.com/watch?v=q1YQ1SdwjHk	27.11.2019	A1708 Macbook Pro taking 10 mA after liquid; what's wrong?	Liquid Damage				MacBook Pro	A1708			Nothing yet					
106	https://www.youtube.com/watch?v=1AByavrsAhE	25.11.2019	Why is an A1466 Macbook Pro taking 45-65 mA and not turning on?		No Power On			MacBook Pro	A1466			Nothing yet					
107	https://www.youtube.com/watch?v=wgFLYGOJJTc	07.11.2019	I betrayed EM3EV for a Shenzhen Foxell Technologies ebike battery, then this happened.								Burning bike 	Not board repair			Unlisted video; not board repair		
108	https://www.youtube.com/watch?v=lTpHa70DDX0	16.11.2019	How Apple is shaping the future of repair.					MacBook Pro	A1990			Nothing yet					
109	https://www.youtube.com/watch?v=JXmIDbI3Jlo	15.11.2019	Macbook Pro taking 20 milliamps not turning on									Nothing yet					
110	https://www.youtube.com/watch?v=Sn0ZrwvCY_M	13.11.2019	üòä A happy A1707 Macbook Pro board repair üòä			Logic Board Repair		Macbook Pro	A1707			Nothing yet					
111	https://www.youtube.com/watch?v=CElkBoJo8CY	02.11.2019	Macbook Air, no backlight repair: 820-3437 in very bad condition		No backlight			Macbook Air	A1466	820-3437		Nothing yet					
112	https://www.youtube.com/watch?v=G1pSqm97j6s	01.11.2019	A1707 Macbook Pro not charging, stuck at 5v - the short that was only shorted when turned on.						A1707			Nothing yet					
113	https://www.youtube.com/watch?v=7UBy7L3YzLg	30.10.2019	The most common Macbook Air logic board failure - how to fix.			Logic Board Repair		MacBook Air				Nothing yet					
114	https://www.youtube.com/watch?v=_HyiY_m_YxI	18.09.2018	Scott Galloway | Full Video | 2018 Code Commerce									Not board repair			Not board repair. Also not Louis.		
115	https://www.youtube.com/watch?v=XmNIEndnH2g	26.10.2019	Why fix spill damaged logic boards before cleaning them?	Liquid Damage				Macbook Pro			Skip to 8.00 (he doesn't fix the first laptop on camera)	Nothing yet					
116	https://www.youtube.com/watch?v=myhB6dcm5lE	22.10.2019	Institutionalized board repair gone wrong									Nothing yet					
117	https://www.youtube.com/watch?v=gvveapg12jM	19.10.2019	Anel is back									Nothing yet					
118	https://www.youtube.com/watch?v=tkNncEh9xZE	12.10.2019	How unauthorized INFLUENCERS fix Apple products									Nothing yet					
119	https://www.youtube.com/watch?v=OLIp0gaKOLw	11.10.2019	Paul's queue is easy work - Macbook Air with PM_SLP_S4_L missing, SOLVED!									Nothing yet					
120	https://www.youtube.com/watch?v=1CqYQWdo6XE	11.10.2019	A random PM_SLP_S4_L+ board repair		No power; has charge indicator			Macbook Air	A1466			Nothing yet					
121	https://www.youtube.com/watch?v=1CqYQWdo6XE		A random PM_SLP_S4_L+ board repair									Duplicate					
122	https://www.youtube.com/watch?v=1CqYQWdo6XE		A random PM_SLP_S4_L+ board repair									Duplicate					
123	https://www.youtube.com/watch?v=1CqYQWdo6XE		A random PM_SLP_S4_L+ board repair									Duplicate					
124	https://www.youtube.com/watch?v=1CqYQWdo6XE		A random PM_SLP_S4_L+ board repair									Duplicate					
125	https://www.youtube.com/watch?v=1CqYQWdo6XE		A random PM_SLP_S4_L+ board repair									Duplicate					
126	https://www.youtube.com/watch?v=1CqYQWdo6XE		A random PM_SLP_S4_L+ board repair									Duplicate					
127	https://www.youtube.com/watch?v=q6p6JKeMq2k	20.06.2018	How to repair sensor on Touchbar Macbook when running slow without Apple diagnostic software			Touch Bar		MacBook				Nothing yet					
128	https://www.youtube.com/watch?v=ptG40dIP6rE	02.10.2019	A1502 Macbook logic board repair, CHGR_DCIN & burned D7105					MacBook	A1502			Nothing yet					
129	https://www.youtube.com/watch?v=KpXNDsNEYhU	30.09.2019	Macbook Pro logic board repair in NYC üóΩ					MacBook Pro				Nothing yet					
130	https://www.youtube.com/watch?v=PW6BIcFnCYw	21.09.2019	MacBook logic board repair bad S0 power rail affects S4 rail			Logic board Repair		MacBook				Nothing yet					
131	https://www.youtube.com/watch?v=XRocLdDqxLk	19.09.2019	A happy, educational Macbook Air no-green-light-on-charger logic board repair video. üòä		No Green Light on Charger			MacBook Air				Nothing yet					
132	https://www.youtube.com/watch?v=33M3krGWAOU	07.09.2019	820-00928 takes 20 mA 20v not turning on									Nothing yet					
133	https://www.youtube.com/watch?v=wPMV38TygnA	05.09.2019	Troubleshooting 5v on Touchbar Macbook Pro charger - IMPORTANT INFORMATION on finding the BAD CD3215			Charger						Nothing yet					
134	https://www.youtube.com/watch?v=FlaUiYB9FbM	29.08.2019	My CPA's assistant uses a Macbook. Should I fire them?									Nothing yet					
135	https://www.youtube.com/watch?v=VB8RrxbNqU8	28.08.2019	A1706 Macbook Pro Touchbar common cause of spontaneous death					MacBook Pro	A1706			Nothing yet					
136	https://www.youtube.com/watch?v=jAg93vsmieU	27.08.2019	A1398 Macbook Pro not turning on - no power					MacBook Pro	A1398			Nothing yet					
137	https://www.youtube.com/watch?v=UcFkOX4PJHM	25.08.2019	Identifying power cycling, repairing Macbook logic board			Logic Board Repair		MacBook				Nothing yet					
138	https://www.youtube.com/watch?v=2D81CE5I3Hg	24.08.2019	Macbook Air, no green light: chip randomly died.		No Green Light			MacBook Air				Nothing yet					
139	https://www.youtube.com/watch?v=vHZG4eJSPOw	26.08.2019	A1466 Macbook Air taking 70 mA and dead logic board repair			Logic Board Repair			A1466			Nothing yet					
140	https://www.youtube.com/watch?v=BoP4pAqjMkk	14.08.2019	Paul demonstrates how to work with a hole under a BGA chip.			BGA						Nothing yet					
141	https://www.youtube.com/watch?v=ejm89zrAa-A	07.08.2019	Macbook Air A1466 board drawing 200 mA but not turning on: how to repair.		Power On				A1466			Nothing yet					
142	https://www.youtube.com/watch?v=HFrUbK6Ivqo	04.08.2019	820-3437 not turning on 200mA drawn from power supply.		Power On							Nothing yet					
143	https://www.youtube.com/watch?v=7kvFqPFPRCs	12.07.2019	What do I do if my MacBook Air won't turn on?		Power On			MacBook Air				Nothing yet					
144	https://www.youtube.com/watch?v=Y0JR1d7AizY	11.07.2019	How to repair a Macbook that doesn't power on after liquid		Power On			MacBook				Nothing yet					
145	https://www.youtube.com/watch?v=v_8yxaEL5xU	12.06.2017	Macbook Air no light on magsafe charger 820-3435		No Green Light on Charger			MacBook Air				Nothing yet					
146	https://www.youtube.com/watch?v=5z98WJ0nLQ8	04.07.2019	Will a MacBook work after spilled water?	Liquid Damage				MacBook				Nothing yet					
147	https://www.youtube.com/watch?v=bbYhIS_t_ck	03.07.2019	How do I fix a wet MacBook Air?	Liquid Damage				MacBook Air				Nothing yet					
148	https://www.youtube.com/watch?v=WbuRSUitwCw	30.06.2019	Paul's corner: ? folder on A1706 Macbook Pro, SSD not detected		SSD			MacBook Pro	A1706			Nothing yet					
149	https://www.youtube.com/watch?v=aMy3xLcH78g	28.06.2019	What do I do if my Mac isn‚Äôt charging?		No Charging							Nothing yet					
150	https://www.youtube.com/watch?v=ivJ8xSFFBIQ	24.06.2019	Paul's corner - replacing keyboard ICs on A1502 2015 Macbook Pro 820-4924					MacBook Pro	A1502			Nothing yet					
151	https://www.youtube.com/watch?v=-we05BQiBOg	22.06.2019	Louis fixes girlfriend's Macbook.					MacBook				Nothing yet					
152	https://www.youtube.com/watch?v=u1bkQInZWUk	03.06.2019	Can a Macbook with water damage be repaired?	Liquid Damage				MacBook				Nothing yet					
153	https://www.youtube.com/watch?v=N0pN58WhvsI	26.05.2019	820-00840 A1708 Macbook Pro with no backlight: how to repair its logic board.		No Backlight			MacBook Pro	A1708	820-008440		Nothing yet					
154	https://www.youtube.com/watch?v=rod5qZD7WoQ	21.05.2019	Meet an AUSTRALIAN who fixes boards: Paul Daniels!									Nothing yet			Guest repair		
155	https://www.youtube.com/watch?v=orgmmjD3prc	21.05.2019	Introducing Louis' replacement(this is the best we could do on short notice, sorry ppl)									Nothing yet			Guest repair		
156	https://www.youtube.com/watch?v=d8yz104BP0A	15.05.2019	Louis' last repair before a long vacation									Nothing yet					
157	https://www.youtube.com/watch?v=eGr_DRojGNg	11.05.2019	USB-C Macbook Pro not turning on no PPBUS_G3H		No Power On			MacBook Pro			USB-C	Nothing yet					
158	https://www.youtube.com/watch?v=Mo8GzTFJSIA	07.05.2019	Macbook Air takes 20 milliamps, doesn't turn on: logic board repair		No Power On	Logic Board Repair		MacBook Air				Nothing yet					
159	https://www.youtube.com/watch?v=ZbrgBKa4-OA	29.04.2019	A fun 820-00165 board repair missing PP3V42_G3H	Liquid damage				Macbook Air	A1466	820-00165		Nothing yet					
160	https://www.youtube.com/watch?v=Cn7iFO1TNEw	28.04.2019	A1278 Macbook taking 200 mA but not turning on		No Power On			MacBook Air	A1278			Nothing yet					
161	https://www.youtube.com/watch?v=0ZlhAXo65Yk	21.04.2019	No green light on A1278 Macbook		No Green Light on Charger			MacBook	A1278			Nothing yet					
162	https://www.youtube.com/watch?v=OkJjcA7Oe-8	16.04.2019	I'm not angry with you. I'm just disappointed in you.									Nothing yet					
163	https://www.youtube.com/watch?v=Cm3NRE3KKsU	14.04.2019	Can Macbook be fixed?					MacBook				Nothing yet					
164	https://www.youtube.com/watch?v=ojyF6FSTA8g	08.04.2019	Macbook Air screen flickers: fixed by the magic of Paul S.		Screen flickers			MacBook Air				Nothing yet					
165	https://www.youtube.com/watch?v=GGCRSaJlxjc	07.04.2019	Paul fixes SCORCHED Macbook Pro Retina, restoring USB and HDMI.			USB	HDMI	MacBook Pro			Retina	Nothing yet					
166	https://www.youtube.com/watch?v=ChGxoHD_vlE	06.04.2019	A1708 Macbook Pro has no audio: repair of logic board		No Audio	Audio			A1708			Nothing yet					
167	https://www.youtube.com/watch?v=HlQ-FUMcNy0	05.04.2019	Louis does NOT cherrypick: the queue is random.									Nothing yet					
168	https://www.youtube.com/watch?v=YP6Z3Fml9f4	26.03.2019	Why Macbook Pro Retina has no green light and 12.23v on PPBUS_G3H		No Green Light on Charger			MacBook Pro			Retina	Nothing yet					
169	https://www.youtube.com/watch?v=L8sc8ll7EaA	24.03.2019	Louis fixes boards worse than franchise :'(									Nothing yet					
170	https://www.youtube.com/watch?v=QF62mMv-epA	13.03.2019	Macbook Pro no green light on magsafe charger		No Green Light on Charger			MacBook Pro				Nothing yet					
171	https://www.youtube.com/watch?v=vBaaa-aajiM	29.03.2019	Macbook Pro Retina screen flickers: why? Let's fix its logic board and find out.		Screen flickers			MacBook Pro			Retina	Nothing yet					
172	https://www.youtube.com/watch?v=gmRd9IVE6dc	19.03.2019	Why new Macbook boards will be unfixable for me: sad :(									Nothing yet					
173	https://www.youtube.com/watch?v=dZtrK9bNckI	18.03.2019	Why Macbook Pro retina logic board takes 100 mA but doesn't turn on		No Power On						Retina	Nothing yet					
174	https://www.youtube.com/watch?v=_9qzWTIl80c	17.03.2019	Two chips: one nozzle :)	Liquid damage	No power			Macbook Pro	A1708			Nothing yet					
175	https://www.youtube.com/watch?v=tyr3qqKlZGM	15.03.2019	A1708 Macbook Pro not charging or turning on with a LAAAAAABEL on it		No Power On			MacBook Pro	A1708		Retina	Nothing yet					
176	https://www.youtube.com/watch?v=1QfI6KqJ9fY	13.03.2019	Louis stops using profane language, and fixes a board.									Nothing yet					
177	https://www.youtube.com/watch?v=oTHwxtpUUeE	12.03.2019	820-3115 A1278 Macbook Pro not turning on logic board repair		No Power On			MacBook Pro	A1278			Nothing yet					
178	https://www.youtube.com/watch?v=ho-DMVLAC2c	08.03.2019	PM_SLP_S4_L missing on disgusting Macbook Air					MacBook Air				Nothing yet					
179	https://www.youtube.com/watch?v=6yVUEXRonHc	05.03.2019	A1706 Macbook Pro 820-00239 not charging or turning on: but why?		No Power On		No Charging	MacBook Pro	A1706	820-3115		Nothing yet					
180	https://www.youtube.com/watch?v=JrkH5FA8Sxk	04.03.2019	Rehot PMIC bro? Yes, rehot PMIC bro!									Nothing yet					
181	https://www.youtube.com/watch?v=iIZL50SzUcQ	03.03.2019	Why did Louis move to front of store?									Nothing yet					
182	https://www.youtube.com/watch?v=-h01fNXsbrQ	01.03.2019	Genius bar quotes FAIR price... what?									Nothing yet					
183	https://www.youtube.com/watch?v=QrVElGj5vZI	25.02.2019	Why are TPS51980 U7501 chip power rails jumping on Macbook logic board?			Power					TPS51980 U7501	Nothing yet					
184	https://www.youtube.com/watch?v=tKaR84m3hiU	22.02.2019	Why is PM_SLP_S4_L missing on this Macbook Air logic board?			Power		MacBook Air				Nothing yet					
185	https://www.youtube.com/watch?v=dX4nahRELzs	21.02.2019	Why is PPBUS_G3H 1.7v on this Macbook Air logic board?									Nothing yet					
186	https://www.youtube.com/watch?v=lHdH-Co7jWE	19.02.2019	What causes 4v on PPBUS_G3H on Macbook logic board?			Power		MacBook				Nothing yet					
187	https://www.youtube.com/watch?v=eli61mQk2GI	16.02.2019	A fun day of board repair at Rossmann Group									Nothing yet					
188	https://www.youtube.com/watch?v=XKppy3TRTpM	13.02.2019	820-4924 drawing 70 milliamps but not powering on		No Power On					820-4924		Nothing yet					
189	https://www.youtube.com/watch?v=9mxE9sEGNmA	13.02.2019	RANDOM :)		No Power On			MacBook Pro	A1502	820-4924		Nothing yet					
190	https://www.youtube.com/watch?v=vspdp2NqhmI	08.02.2019	820-00281 Macbook Pro Touchbar board is dead: why?		No Power On			MacBook Pro		820-00281	Touch Bar	Nothing yet					
191	https://www.youtube.com/watch?v=AZ4H3GF6LmM	06.02.2019	What is power cycling and what causes it on Macbook logic board?			Power Cicling		MacBook				Nothing yet					
192	https://www.youtube.com/watch?v=SeqZ6xKH94g	05.02.2019	Macbook Pro A1502 no green light after liquid damage	Liquid Damage	No Green Light on Charger			MacBook Pro	A1502			Nothing yet					
193	https://www.youtube.com/watch?v=bNmEXcYZQVw	04.02.2019	The best Macbook logic board repair - right here on http://www.rossmanngroup.com									Nothing yet					
194	https://www.youtube.com/watch?v=2eXMFIkdA0o	03.02.2019	The PROPER way to solder BGA chips.			Soldering					BGA	Nothing yet					
195	https://www.youtube.com/watch?v=WDd0mTVGYuI	30.01.2019	Why does Louis wear gloves when working on Macbooks?			Safety and Health at Work						Nothing yet					
196	https://www.youtube.com/watch?v=OXOrzOqJIwo	26.01.2019	Can Touchbar Macbook Pro logic board that won't charge be fixed?		No Charging			MacBook Pro			Touch Bar	Nothing yet					
197	https://www.youtube.com/watch?v=Jfn0A3Wpa3o	25.01.2019	Can Macbook Air be fixed outside of a miserable CSAT Solutions sweatshop?					MacBook Air				Nothing yet					
198	https://www.youtube.come/watch?v=OjUKFg7AGmQ	22.01.2019	Crest Ultrasonic Cleaner performs miracle on little Macbook Air.			Ultrasonic Cleaning Procedures		MacBook Air				Nothing yet					
199	https://www.youtube.com/watch?v=nZtH3biLKwc	20.01.2019	Fixing USB-C Macbook that doesn't charge || College prof claims real programmers use mac?		No Charging						USB-C	Nothing yet					
200	https://www.youtube.com/watch?v=Wo4b_In1uqs	14.01.2019	Why is Macbook Air missing PM_SLP_S4_L again?					MacBook Air				Nothing yet					
201	https://www.youtube.com/watch?v=NrD1-MXHEVI	19.01.2019	Macbook Pro Retina no backlight after screen replacement: FIXED!		No Backlight			MacBook Pro			Retina	Nothing yet					
202	https://www.youtube.com/watch?v=5Z8dAcpA_80	20.01.2019	Why is Macbook Pro Retina taking 200mA and not turning on?		No Power On			MacBook Pro			Retina	Nothing yet					
203	https://www.youtube.com/watch?v=_a7X9845ORc	11.01.2019	What part of Macbook is made from BULLETPROOF component quality?			Learning	Learning about Components					Nothing yet					
204	https://www.youtube.com/watch?v=gRFsKmA-AIU	02.01.2019	Can Macbook logic board burn and die without liquid?		Magic Smoke							Nothing yet					
205	https://www.youtube.com/watch?v=hdZ37PQzIBE	31.12.2018	Touchbar Macbook Pro repair after devastating liquid spill	Liquid Damage				MacBook Pro			Touch Bar	Nothing yet					
206	https://www.youtube.com/watch?v=p18YbmWcFo0	26.12.2018	Why does Macbook Air board draw 150mA and not turn on?		No Power On			MacBook Air				Nothing yet					
207	https://www.youtube.com/watch?v=P0QUr3n5W1E	27.12.2018	Why does A1398 Retina Macbook Pro have no backlight?		No Backlight			MacBook Air	A1398			Nothing yet					
208	https://www.youtube.com/watch?v=SR94QHGlYRs	25.12.2018	How to diagnose an ISL95530 U7000 failure on a 12' A1534 Macbook			ISL95530 U7000		MacBook	A1534		12'	Nothing yet					
209	https://www.youtube.com/watch?v=fwMj6-t_nPE	24.12.2018	Finding the nub: how to fix Macbook logic boards when solder points corrode away.			Soldering		MacBook				Nothing yet					
210	https://www.youtube.com/watch?v=X2UlXmMMn6Y	23.12.2018	Why fix logic boards before cleaning the corrosion?									Nothing yet					
211	https://www.youtube.com/watch?v=VJAeiCM5xSQ	21.12.2018	Can Best Buy GeekSquad fix Macbook Air liquid damage?	Liquid Damage				MacBook Air				Nothing yet					
212	https://www.youtube.com/watch?v=sVYB610F_2U	20.12.2018	Why is PP3V3_G3H the most important power line on USB-C Macbook Pros?			USB-C						Nothing yet					
213	https://www.youtube.com/watch?v=OwiKfiG7Aas	19.12.2018	Can Sweden fix Macbook?									Nothing yet					
214	https://www.youtube.com/watch?v=HC2SVCF9mBI	17.12.2018	Why are franchise repair companies horrible at repair?									Nothing yet					
215	https://www.youtube.com/watch?v=rjDkXeNk_I8	15.12.2018	USB-C charging failure in Touchbar Macbook Pro	Defecive chip	No Power on	U7000 ISL9239 chip is dead		MacBook Pro	A1707	820-00281	Touch Bar	In progress	Interseb	https://wiki2.rossmanngroup.com/index.php?title=A1707_2016-2017_Touchbar_15‚Äù_macbook_Pro	5V 0Amp on charge port		
216	https://www.youtube.com/watch?v=Yi-Ki8y1xXU	15.12.2018	Louis meets his mentor & fixes a terrible Apple refurb.									Nothing yet					
217	https://www.youtube.com/watch?v=nJkA_mzd6MY	14.12.2018	Can thunderbolt circuit kill a Macbook?									Nothing yet					
218	https://www.youtube.com/watch?v=vUT3O1fUyNI	13.12.2018	Retina Macbook Pro no image after liquid damage	Liquid Damage			No Screen	MacBook Pro			Retina	Nothing yet					
219	https://www.youtube.com/watch?v=uG2CXDhNkTg	12.12.2018	Can Macbook have USB port?			USB						Nothing yet					
220	https://www.youtube.com/watch?v=huSSYJC3Nts	08.12.2018	Falling through cracks of despair? Get a Macbook repair!(at rossmanngroup.com)  üòä									Nothing yet					
221	https://www.youtube.com/watch?v=jahtu1_idVU	07.12.2018	Apple BOTCHES Macbook board design: AGAIN!					MacBook				Nothing yet					
222	https://www.youtube.com/watch?v=F-sTAO9BEqE	04.12.2018	A1534 12' Macbook, 820-00045 30-60 milliamp power cycling: logic board repair.			Power	Power Cicling	MacBook	A1534	820-00045	12'	Nothing yet					
223	https://www.youtube.com/watch?v=8oCUI1H1K28	04.12.2018	A1707 Macbook Pro Touchbar 30-60 milliamp power cycling: logic board repair.			Power	Power Cicling	MacBook Pro	A1707		Touch Bar	Nothing yet					
224	https://www.youtube.com/watch?v=PmaQtez3jWM	02.12.2018	Macbook Air 820-00165 taking 0.1 amps - what does this mean?			Power		MacBook Air		820-00165		Nothing yet					
225	https://www.youtube.com/watch?v=GvEK01rfUQE	22.11.2018	Should all Macbooks set themselves on fire?			Magic Smoke						Nothing yet					
226	https://www.youtube.com/watch?v=PCiHLtWHupI	05.11.2108	Fixing Macbook, losing mind. :(					MacBook				Nothing yet					
227	https://www.youtube.com/watch?v=91VcojTX69s	01.11.2018	How do Touchbar Macbooks charge? What is the sequel to the famous onewire circuit?			Learning	Learning about Charging	MacBook			Touch Bar	Nothing yet					
228	https://www.youtube.com/watch?v=91VcojTX69s		How do Touchbar Macbooks charge? What is the sequel to the famous onewire circuit?									Duplicate					
229	https://www.youtube.com/watch?v=uMNDHjo_vWQ	09.09.2018	Can spec of green dust kill a Macbook?	Dust Damage				MacBook				Nothing yet					
230	https://www.youtube.com/watch?v=LKgdnpShNJo	17.10.2018	Fixing braindead Macbook A1708					MacBook	A1708			Nothing yet					
231	https://www.youtube.com/watch?v=wmFeWV6gk60	14.10.2018	Can 1 drop of liquid destroy a Macbook Air?	Liquid Damage				MacBook Air				Nothing yet					
232	https://www.youtube.com/watch?v=DAJc3A79ezw	01.10.2018	Restoring PPBUS_G3H on an 820-3330 A1286 2012 Macbook Pro with faulty logic board					MacBook Pro	A1286	820-3330	2012	Nothing yet					
233	https://www.youtube.com/watch?v=xO5PLjrzLcY	02.09.2018	Why does Macbook have grey screen with no picture?			Display	Green Screen	MacBook Pro				Nothing yet					
234	https://www.youtube.com/watch?v=fcjbnQNamS8	28.08.2018	Why does this kill a Macbook?									Nothing yet					
235	https://www.youtube.com/watch?v=g6ncbi0eGCQ	19.08.2018	What franchise can't fix in two months Louis solves in 20 minutes. Franchise = :'(									Nothing yet					
236	https://www.youtube.com/watch?v=YC8q7GJ3vK8	18.08.2018	Macbook repair + GoPro testing :D									Nothing yet					
237	https://www.youtube.com/watch?v=US0JK0zr1d0	17.08.2018	TPS51980 or SMC failure? When SMC_PM_G2_EN isn't enough.									Nothing yet					
238	https://www.youtube.com/watch?v=v165GD0We3U	04.08.2018	Reflow my balls and heighten my PPBUS									Nothing yet					
239	https://www.youtube.com/watch?v=gRV0cmIj5Ks	02.08.2018	Does Louis owe thermal imager an apology?									Nothing yet					
240	https://www.youtube.com/watch?v=R5q3EKTqn9U	29.07.2018	Why do old 17' Macbooks have intermittent display?			Display	Intermittent	MacBook			17'	Nothing yet					
241	https://www.youtube.com/watch?v=uzs2fyG4xSQ	27.07.2018	Why does little Macbook have no trackpad?			Trackpad		MacBook				Nothing yet					
242	https://www.youtube.com/watch?v=6rTU0bLZROE	17.07.2018	What does it mean when Macbook Air beeps three times?			Learning	Beep Codes	MacBook Air				Nothing yet					
243	https://www.youtube.com/watch?v=lUW9_nHZMMU	15.07.2018	What does bad current sensing look like on Macbook Pro?					MacBook Pro				Nothing yet					
244	https://www.youtube.com/watch?v=MyKp7fiXkws	14.07.2018	Best Buy & Genius Bar tag team defenseless Macbook :'(									Nothing yet					
245	https://www.youtube.com/watch?v=MY8LlHfK9ZA	13.07.2018	How to fix charging issues on USB C Macbooks, IMPORTANT CD3215 COMPATIBILITY INFO!			USB-C		MacBook			CD3215 Compatibility	Nothing yet					
246	https://www.youtube.com/watch?v=kpUqb1WPXJM	01.07.2018	How to fix a Macbook that won't turn on.		No Power On	Power	No Power On	MacBook				Nothing yet					
247	https://www.youtube.com/watch?v=kdNhQLN9Vto	21.06.2018	Can eBay battery kill a Macbook?			Battery		MacBook				Nothing yet					
248	https://www.youtube.com/watch?v=PoMmVtGXjyE	20.06.2018	How to repair common issue when Macbook Air won't charge		No Charging			MacBook Air				Nothing yet					
249	https://www.youtube.com/watch?v=-Yo4aDfPIEU	13.06.2018	Can Macbook be repaired after fire?	Fire Damage				MacBook				Nothing yet					
250	https://www.youtube.com/watch?v=csdwvRIRzjM	10.06.2018	Razer laptop DIY repair fail: audio IC fault on motherboard fixed.			Audio	Audio IC					Not a macbook			PC laptop - not a macbook		
251	https://www.youtube.com/watch?v=kE_TDLAM370	10.06.2018	Can room temperature kill a Macbook?	External Temperature Damage				MacBook				Nothing yet					
252	https://www.youtube.com/watch?v=f7irhGJp7Ls	09.06.2018	Can plugging in a USB drive kill a Macbook?			USB		MacBook				Nothing yet					
253	https://www.youtube.com/watch?v=XeqX6MnwXX8	08.06.2018	Can Macbook audio circuit spontaneously kill entire machine?			Audio		MacBook				Nothing yet					
254	https://www.youtube.com/watch?v=7P56QEcFUuE	31.05.2018	Why is EVERYONE Buying this TV?? - TCL 55S405									Not board repair			Not board repair. Also not Louis.		
255	https://www.youtube.com/watch?v=HnWPG9qdEQA	31.05.2018	How many pubes does it take to kill a Macbook?	Liquid Damage								Nothing yet					
256	https://www.youtube.com/watch?v=N_lTTAHDrkE	29.05.2018	How cheap eBay batteries DESTROY Macbook logic boards!			Battery	MacBook					Nothing yet					
257	https://www.youtube.com/watch?v=__4bkl352RA	27.05.2018	Macbook Air not turning on: surprising PM_SLP_S4_L failure.				MacBook Air					Nothing yet					
258	https://www.youtube.com/watch?v=vE66VxAD6p4	22.08.2016	Hunting liquid damage on 820-3115 boards with no backlight	Liquid Damage			No Backlight			820-3115		Nothing yet					
259	https://www.youtube.com/watch?v=x4PBpdooODo	19.05.2019	Can DUST kill a Macbook motherboard?	Dust Damage				MacBook				Nothing yet					
260	https://www.youtube.com/watch?v=6RlWCebl8uw	16.05.2018	Macbook Air Liquid Damage repair	Liquid Damage				MacBook Air				Nothing yet					
261	https://www.youtube.com/watch?v=iQFITo_LkN8	14.05.2018	Mall repair franchises are GARBAGE and ruin the credibility of our industry.									Nothing yet					
262	https://www.youtube.com/watch?v=5HUyEykicEQ	09.04.2018	Macbook Pro no green light on charger		No green light on charger			MacBook Pro				Nothing yet					
263	https://www.youtube.com/watch?v=GzRBjwATNLk	13.10.2016	PP3V42_G3H & SMC issue keeping Macbook from working					MacBook				Nothing yet					
264	https://www.youtube.com/watch?v=80hvMd5f6io	22.10.2015	Fixing Macbook Air with short to ground on PPBUS_G3H.					MacBook Air				Nothing yet					
265	https://www.youtube.com/watch?v=KB93XiU98ak	17.02.2018	Macbook air board repair					MacBook Air				Nothing yet					
266	https://www.youtube.com/watch?v=USc9sngN3QY	20.03.2018	Macbook Air won't turn on: how to repair.		NoPower On			MacBook Air				Nothing yet					
267	https://www.youtube.com/watch?v=ymXdu191Eqk	21.03.2018	Just how weak & fragile is the Macbook Air?					MacBook Air				Nothing yet					
268	https://www.youtube.com/watch?v=wbqwi24xEqc	22.03.2018	APPLE'S NEXT RECALL: 12' 2015 A1534 Macbook logic board premature failure					MacBook	A1534		2015 12'	Nothing yet					
269	https://www.youtube.com/watch?v=fPjE65ubfCc	20.03.2018	UBREAKIFIX visits for a board repair!		No backlight							Nothing yet			Guest tech in video		
270	https://www.youtube.com/watch?v=nCVPH0xuNBI	16.02.2018	How to repair Macbook Pro USB ports on logic board.		USB			MacBook Pro				Nothing yet					
271	https://www.youtube.com/watch?v=1UKywVwN1is	07.02.2018	[WINNING] Cleaning up another store's mess :(			Cleaning						Nothing yet					
272	https://www.youtube.com/watch?v=y3zPKqrjrig	26.01.2018	12' Macbook A1534 DEAD how to fix COMMON FAILURE!					MacBook	A1534		12'	Nothing yet					
273	https://www.youtube.com/watch?v=eip-yBVY4T0	28.08.2014	820 3115 logic board repair no backlight no feedback trace how to fix					Macbook Pro	A1278	820-3115		Nothing yet					
274	https://www.youtube.com/watch?v=_at9Jy3dfeY	07.12.2017	WHERE DO I START? Open-source tutorial to Macbook logic board repair.			Learning						Nothing yet					
275	https://www.youtube.com/watch?v=gqwXUmEifPg	08.11.2017	Using a DC power supply to troubleshoot MacBook and iPhone logic boards.			Learning	Use of Power Supplies	MacBook			iPhone	Nothing yet					
276	https://www.youtube.com/watch?v=dK9pfbGSE4A	08.07.2017	No keyboard backlight logic board repair Macbook Pro Retina		No KeyBoard Light	Keyboard		MacBook Pro			Retina	Nothing yet					
277	https://www.youtube.com/watch?v=IXg1auvix1I	03.07.2017	Retina Macbook Pro DEAD, PPBUS_G3H stuck at 4v.			No Power On		Mac Book Pro			Retina	Nothing yet					
278	https://www.youtube.com/watch?v=nH-mWAt0CDI	01.07.2017	Macbook Retina no backlight: NEW things to check.		No Backlight	Display		MacBook			Retina	Nothing yet					
279	https://www.youtube.com/watch?v=--TZHAoKJu8	30.07.2017	What did they get wrong?		No green light on charger			Macbook Pro	A1278	820-3115		Nothing yet					
280	https://www.youtube.com/watch?v=geGmC1xI4zo	29.06.2017	Does Linux have better driver support for a Macbook Air than OSX?									Nothing yet					
281	https://www.youtube.com/watch?v=naXglCTEtLw	27.06.2017	Retina Macbook blank screen REPAIR GUIDE: 2012 GPU vcore failure due to U8900			Display	Blank Screen	MacBook			Retina	Nothing yet					
282	https://www.youtube.com/watch?v=hdz2harkuKM	28.06.2017	Cute bug destroys macbook					MacBook				Nothing yet					
283	https://www.youtube.com/watch?v=hFA4sHIXG8s	26.06.2017	Macbook Air short circuit repair			Short Circuit		MacBook Air				Nothing yet					
284	https://www.youtube.com/watch?v=3WrQ7xTs_yo	23.06.2017	How to remove short circuits from Apple Macbook multilayer PCBs			Short Circuit		MacBook				Nothing yet					
285	https://www.youtube.com/watch?v=uvRaC3VUYR0	24.06.2017	This kills more Macbook Air motherboards than anything else					MacBook Air				Nothing yet					
286	https://www.youtube.com/watch?v=JiqJIoZUjJA	14.05.2017	Correcting common microsoldering mistakes.			Soldering						Nothing yet					
287	https://www.youtube.com/watch?v=T_sCEe7fHkw	16.04.2017	Macbook Air Magsafe charging circuit walkthrough and repair			Charger		MacBook Air				Nothing yet					
288	https://www.youtube.com/watch?v=glYmm1hizpM		[Private video]									No video here					
289	https://www.youtube.com/watch?v=PskoSO42WWE		[Private video]									No video here					
290	https://www.youtube.com/watch?v=mlgz6DjEVEk	24.09.2016	Electronics repair made easy									Nothing yet					
291	https://www.youtube.com/watch?v=EG8Osy-hNtg	17.11.2016	No backlight on poor little Macbook board that was senselessly sodomized :(			Display	No Backlight	MacBook				Nothing yet					
292	https://www.youtube.com/watch?v=rAbAS6M65nk	26.09.2016	820-2915 that looks like it was taken from bottom of Hudson visits my desk	Liquid Damage				MacBook pro	A1286	820-2915		Nothing yet					
293	https://www.youtube.com/watch?v=B95fTERcV88	22.09.2016	101 fever meets electronics repair									Nothing yet					
294	https://www.youtube.com/watch?v=zNjuVQcoNYo	06.11.2016	Macbook not charging due to welded voltage regulator IC!		No Charging	Power	Power Regulator IC	MacBook				Nothing yet					
295	https://www.youtube.com/watch?v=a67p6pziKz8	02.11.2016	My favorite motherboard repair: removing the JTAG connector :)				JTAG					Nothing yet					
296	https://www.youtube.com/watch?v=jy2Sjoc_VEc	17.10.2016	Diagnosing a dead SMC on Macbook Pro with brief walkthrough of magsafe light circuit		Charger	SMC		MacBook Pro				Nothing yet					
297	https://www.youtube.com/watch?v=mi1VV3KzFYk	21.09.2016	Dead Macbook Air from water spill on edge	Liquid Damage				MacBook Air				Nothing yet					
298	https://www.youtube.com/watch?v=EV1t85Q8vqM	14.10.2019	Dead Macbook Pro from feces like substance on current sensing circuit	Dirt Damage				MacBook Pro				Nothing yet					
299	https://www.youtube.com/watch?v=S_WFsDKpoTQ	07.10.2016	Will the real Q7706 please stand up?								Q7706	Nothing yet					
300	https://www.youtube.com/watch?v=A36A1g1hHt8	09.10.2016	PM_PCH_PWROK: the A1502 Retina Macbook killer when there's liquid damage!	Liquid Damage				MacBook	A15012			Nothing yet					
301	https://www.youtube.com/watch?v=47SEO8X2hcI		[Private video]									No video here					
302	https://www.youtube.com/watch?v=CyERMe0wNJ8	20.09.2016	Macbook Air S0 pgood circuitry repair due to liquid	Liquid Damage				MacBook Air				Nothing yet					
303	https://www.youtube.com/watch?v=ITp7WrMifb0	16.09.2016	Hunting liquid damage that was cleaned off a Macbook Pro									Nothing yet					
304	https://www.youtube.com/watch?v=Amd0-LcYKNk	12.09.2016	Repairing missing PP3V42_G3H: How feedback circuit regulates output									Nothing yet					
305	https://www.youtube.com/watch?v=hCM0xt7jVis	08.09.2016	Finding broken vias and how RTC circuit failure presents itself				RTC					Nothing yet					
306	https://www.youtube.com/watch?v=MnzH1kDzVUc	04.09.2016	Hunting liquid damage; you can take cover but you can't hide from me!	Liquid Damage								Nothing yet					
307	https://www.youtube.com/watch?v=lL2pCCFdxHU	28.09.2016	What the USB mouse tells us about CPU vcore			Diagnostic						Nothing yet					
308	https://www.youtube.com/watch?v=eg69WwtEdZQ	27.08.2016	Macbook Pro Retina bad power button but every other key works!		Power Button			MacBook Pro			Retina	Nothing yet					
309	https://www.youtube.com/watch?v=4oAAdoCfeBU	26.08.2016	Understanding power rail sequence saves time in electronics troubleshooting.			Diagnostics						Nothing yet					
310	https://www.youtube.com/watch?v=6RRoxpqygxU	25.08.2016	Shhh! I'm hunting liquid damage on a macbook logic board...	Liquid Damage								Nothing yet					
311	https://www.youtube.com/watch?v=oo6rda-Hpbs	24.08.2016	820-3476 logic board with PPVRTC_G3H problem							820-3476		Nothing yet					
312	https://www.youtube.com/watch?v=5FCcM5ABtRg	23.08.2016	Macbook Pro trackpad moves but doesn't register clicks; logic board issue		Trackpad			MacBook Pro				Nothing yet					
313	https://www.youtube.com/watch?v=TqVzrbzZ87o	21.08.2016	Fixing liquid damage through the magic of localized reflows	Liquid Damage								Nothing yet					
314	https://www.youtube.com/watch?v=a9efgCT3ItE	18.08.2016	Jason gets fired.									Nothing yet					
315	https://www.youtube.com/watch?v=OdaMzAznch4	16.08.2016	Macbook Pro Retina gets sodomized; let's shed a tear for poor little L9000 :(					MacBook Pro			Retina L9000	Nothing yet					
316	https://www.youtube.com/watch?v=sasfUgVG-PU	20.08.2016	Apples and pits would make better capacitors than tantalum									Nothing yet					
317	https://www.youtube.com/watch?v=Pt0u-uQwR_s		[Private video]									No video here					
318	https://www.youtube.com/watch?v=C9GS9Z92HKs	14.08.2016	PP3V42 regulator does a wheelie, miserable 820-2530 board repair							820-2530	PP3V42	Nothing yet					
319	https://www.youtube.com/watch?v=sr1znnLi_hA	14.08.2016	No, I don't ALWAYS  drag solder! Demonstrating the T30-KN tip & FM-2032 iron.			Learning	Soldering					Nothing yet					
320	https://www.youtube.com/watch?v=DzcgT_fiVTA	13.08.2016	Macbook Pro 2010 kernel panic GPU issue repair: SOLVED! C9560		Kernel Panic		GPU	MacBook Pro			2010 C9560	Nothing yet					
321	https://www.youtube.com/watch?v=dKG0uTx4ST4	07.08.2016	What does a high voltage reading mean on a DC to DC boost circuit?			Diagnostics						Nothing yet					
322	https://www.youtube.com/watch?v=_zNazfct7A0	05.08.2016	Laptop keeps going to sleep after liquid damage	Liquid Damage	Goes to Sleep Mode							Nothing yet					
323	https://www.youtube.com/watch?v=7LQ0ge0Ps-A		[Private video]									No video here					
324	https://www.youtube.com/watch?v=hpbzO2UjQQA		[Private video]									No video here					
325	https://www.youtube.com/watch?v=jedTeoBSy08		[Private video]									No video here					
326	https://www.youtube.com/watch?v=lbJHqfjh5nI		[Private video]									No video here					
327	https://www.youtube.com/watch?v=K1GB8PEHQdA	23.07.2016	Liquid on capacitors kill Retina Macbook Pro	Liquid Damage				MacBook Pro				Nothing yet					
328	https://www.youtube.com/watch?v=91SSwj6RyvA		[Private video]									No video here					
329	https://www.youtube.com/watch?v=kPNc4I68V6M	26.06.2016	DIY tip on Macbook battery replacement			Battery	Replacement					Nothing yet					
330	https://www.youtube.com/watch?v=37JCECM5fU0	17.05.2016	A walkthrough of ancient Macbook Pro onewire circuit from historic times			Walkthrough/explanation		Macbook Pro	A1278	820-2879		Nothing yet					
331	https://www.youtube.com/watch?v=5oKH0ZOeSVQ	13.06.2016	Macbook Air DIY no backlight repair attempt and correction									Nothing yet					
332	https://www.youtube.com/watch?v=-8nLuNJvvMY	13.04.2016	What knockoff Amazon and eBay chargers do to your $1200 Macbook Pro					MacBook Pro				Nothing yet					
333	https://www.youtube.com/watch?v=IVTgTdJXtt4		[Private video]									No video here					
334	https://www.youtube.com/watch?v=s9Mv0LMt4rA	05.12.2015	Short to ground keeps Macbook from turning on				Shortcircuit					Nothing yet					
335	https://www.youtube.com/watch?v=S25NDRVOmo0	24.08.2015	PP1V05_S0 missing on dead Macbook Air					MacBook Air			PP1V05_S0	Nothing yet					
336	https://www.youtube.com/watch?v=rGiIqPDOHyw	10.04.2015	Why doesn't steve's board have a green light?									Nothing yet					
337	https://www.youtube.com/watch?v=2PkLN6AYGM0	20.02.2015	If you don't know what you're doing...									Nothing yet					
338	https://www.youtube.com/watch?v=z1MUeZPi_kU	19.12.2014	ZM-R6200c demo.								ZM-R6200C	Nothing yet					
339	https://www.youtube.com/watch?v=C_eQrbop-J4	17.07.2016	The microscope recommendation video: buy Amscope!									Nothing yet					
340	https://www.youtube.com/watch?v=Vb0STLkcMo0	16.07.2016	No backlight repair with a grade inspired schematic		No Backlight	Display						Nothing yet					
341	https://www.youtube.com/watch?v=4Y2y6zpupd4	10.07.2016	My channel's youngest viewer brings in a board									Nothing yet					
342	https://www.youtube.com/watch?v=HVX7_kGHmSE	04.07.2016	Sunny visits while fixing a board.									Nothing yet					
343	https://www.youtube.com/watch?v=-rok8h1ZRH4	03.07.2016	820-3437 logic board repair with new video format								820-3437	Nothing yet					
344	https://www.youtube.com/watch?v=AGZP-metLsA	30.06.2016	Electronics repair is detective work									Nothing yet					
345	https://www.youtube.com/watch?v=ys1zDMcDh_c	28.06.2016	Can you microsolder without steady hands?				Soldering					Nothing yet					
346	https://www.youtube.com/watch?v=RavHfdZbh7o	17.06.2016	Disgusting looking board repair with footage after ultrasonic cleaning				Ultrasonic Cleaning Procedures					Nothing yet					
347	https://www.youtube.com/watch?v=j7aLzsxxI5M	12.06.2016	Annoying no backlight repair on a Macbook		No Backlight			MacBook				Nothing yet					
348	https://www.youtube.com/watch?v=wEwKkhxI73M	07.06.2016	When a MOSFET sends 12v to my framebuffer :(									Nothing yet					
349	https://www.youtube.com/watch?v=vEgjyTqyCqM	26.05.2016	Do you bend the rules for high paying clients?									Nothing yet					
350	https://www.youtube.com/watch?v=H-EpIBY0ZMw	24.05.2016	Macbook Pro repairing USB port and displayport after liquid damage			USB	Displayport	MacBook Pro				Nothing yet					
351	https://www.youtube.com/watch?v=pD3iJGgZNPs	09.08.2014	820 2879 no backlight, BKL_EN resistors messed up. macbook pro logic board repair			Display	No Backlight			820-2879		Nothing yet					
352	https://www.youtube.com/watch?v=3w4j_-JWrZs	16.10.2014	820-2879 fans stuck on high simple logic board repair for A1278 Macbook Pro		Fan Spin Stuck			MacBook Pro	A1278	820-2879		Nothing yet					
353	https://www.youtube.com/watch?v=xMhu4WyQZAA	16.10.2014	Macbook Air no feedback trace to LED driver 820-3437 logic board repair							820-3437		Nothing yet					
354	https://www.youtube.com/watch?v=wPxYPrnoMZ4	19.10.2014	Introduction to Macbook logic board power circuits - 820-2936 no PPBUS_G3H repair		Power			MacBook		820-2936	PPBUS_G3H	Nothing yet					
355	https://www.youtube.com/watch?v=UTMeTtPpj14	06.04.2015	Reviving 820-2879 with no power no MCP and no CPU after destruction by idiot. :-(		No Power On | No MCP | No CPU					820-2879		Nothing yet					
356	https://www.youtube.com/watch?v=qM6EO7_5cho	07.05.2015	Can Louis beat the genius bar while wasted off Jagermeister?									Nothing yet					
357	https://www.youtube.com/watch?v=F7btsWBKy-Q	13.05.2015	No picture on LCD - it must be the video chip!!!! (not)		No Picture on LCD	Display						Nothing yet					
358	https://www.youtube.com/watch?v=YXd3FR7kcbc	31.05.2015	Louis chases Darby's rabbit all the way to hell; longest board repair EVER!									Nothing yet					
359	https://www.youtube.com/watch?v=BLqLNoRCUxk	06.06.2015	Macbook Air keyboard & trackpad not working because of missing bias on USB hub.		Keyboard Not Working | Trackpad Not Working	Keyboard	Trackpad	MacBook Air				Nothing yet					
360	https://www.youtube.com/watch?v=h2CNzb2kvI4	16.06.2015	Dead Macbook Air logic board; Louis calls it a rabbit hole to hell and moves on									Nothing yet					
361	https://www.youtube.com/watch?v=yPeITOz2_YM	29.08.2015	How to use rice to repair water damage on iPhones and Macbooks	Liquid Damage								Nothing yet					
362	https://www.youtube.com/watch?v=NVAmnV65_zw	16.09.2015	Apple uses spite to force planned obsolescence.									Nothing yet					
363	https://www.youtube.com/watch?v=ix_dBpbBtiw	12.11.2015	Macbook Pro keyboard and trackpad not working logic board repair			Keyboard	Trackpad	MacBook Pro				Nothing yet					
364	https://www.youtube.com/watch?v=8u04q4VibxE	06.11.2015	Macbook Pro Retina liquid spill causing questionmark folder; repair of logic board	Liquid Damage	Question Mark Folder	SSD not detected		MacBook Pro	A1502	820-3476		Done	Daniel Chaves	https://wiki2.rossmanngroup.com/index.php?title=A1502_2015-2016_13%E2%80%9D_Macbook_Pro_Retina			
365	https://www.youtube.com/watch?v=A1l5D1annas	03.11.2015	Dead Macbook Pro Retina 820-3476 motherboard repair					MacBook Pro	A1502	820-3476	Retina	Nothing yet					
366	https://www.youtube.com/watch?v=G1g7BVp1fQY	15.11.2015	Need sleep Macbook Air logic board dead SYSCLK_CLK32K_RTC missing.					MacBook Air				Nothing yet					
367	https://www.youtube.com/watch?v=c1dZiSh4Sy0	21.11.2015	Recovering & reworking destroyed ISL6259 area from liquid spill damage on Macbook logic board	Liquid Damage				MacBook				Nothing yet					
368	https://www.youtube.com/watch?v=0OZZdhLrOKo	17.01.2016	Dead 820-3437 logic board because of short to ground and missing S5 rails							820-3437		Nothing yet					
369	https://www.youtube.com/watch?v=UknFeq917y4	15.03.2016	Psychic repair of Macbook Air logic board					MacBook Air				Nothing yet					
370	https://www.youtube.com/watch?v=7QHTXM7v4aE	19.10.2015	How to detect a short circuit and repair an Apple Macbook logic board				Shortcircuit	MacBook				Nothing yet					
371	https://www.youtube.com/watch?v=VhD-T5-XAtU	23.03.2016	Macbook liquid spill damage causes current sensing problems	Liquid Damage			Sensing Problems					Nothing yet					
372	https://www.youtube.com/watch?v=g9DgTv2MVZ0		[Private video]									No video here					
373	https://www.youtube.com/watch?v=F8vWKrX1qlo	24.12.2015	Macbook logic board clock issues cause quarter fan spin :(					MacBook				Nothing yet					
374	https://www.youtube.com/watch?v=n9FgTfj98TQ		[Private video]									No video here					
375	https://www.youtube.com/watch?v=VFR7JTji6b0	30.12.2015	The cost of being an asshole.									Nothing yet					
376	https://www.youtube.com/watch?v=x6aE_HJvcl8	05.02.2016	Why are inductors used as filters in data lines tricky to measure?									Nothing yet					
377	https://www.youtube.com/watch?v=v4p8svchW5A	12.02.2016	On point intuition provides the best education: SYSCLK_CLK32K_RTC fault									Nothing yet					
378	https://www.youtube.com/watch?v=QmeGLeEbi24	20.02.2016	A1297 Macbook Pro no backlight repair		No Backlight	Display		MacBook Pro	A1297			Nothing yet					
379	https://www.youtube.com/watch?v=PekFiNwUm3s	24.02.2016	Lemonade destroys Macbook logic board from front to back	Liquid Damage								Nothing yet					
380	https://www.youtube.com/watch?v=4FNg1_LKKyY	28.02.2016	No backlight on Macbook Air due to bad capacitor		No Backlight			MacBook Air				Nothing yet					
381	https://www.youtube.com/watch?v=JTS0rkx_JAQ	11.03.2016	Correcting bad ISL6259AHRTZ U7000 QFN chip soldering			Soldering						Nothing yet					
382	https://www.youtube.com/watch?v=HOhX95k-SxM	04.04.2016	Easy no backlight repair on macbook logic board		No Backlight			MacBook				Nothing yet					
383	https://www.youtube.com/watch?v=ZxsMCf6P15A	09.04.2016	Macbook logic board repairing X in battery after liquid damage 820-2936	Liquid Damage	X in Battery			MacBook		820-2936		Nothing yet					
384	https://www.youtube.com/watch?v=nxb82Rl_7-k	24.04.2016	Retina Macbook Pro dead no power after KB replacement	Keyboard Replacement	No Power On			MacBook Pro				Nothing yet					
385	https://www.youtube.com/watch?v=fdhuZ3OL5HM	17.04.2016	Louis kicks it with a visiting fan!									Nothing yet					
386	https://www.youtube.com/watch?v=3Bsap22SnuM	29.05.2016	Macbook Pro Retina dead no power due to bad current sensing circuit	Bad Current Sensing Circuit	No Power On			MacBook Pro			Retina	Nothing yet					
387	https://www.youtube.com/watch?v=FWVqsY9B4tc	19.05.2016	2009 Unibody Macbook Pro 17' dead out of nowhere; but why?		Dead			MacBook Pro			2019 17' Unibody	Nothing yet					
388	https://www.youtube.com/watch?v=MZDYogQEb6M	23.06.2016	Macbook Pro Retina works off battery but doesn't charge 820-3462		No Charge | Works Off Battery			MacBook Pro		820-3462	Retina	Nothing yet					
389	https://www.youtube.com/watch?v=bDrpftBjRdk	28.06.2016	How to correct micro bga soldering when you screw it up(hey, it happens)			Soldering	BGA					Nothing yet					
390	https://www.youtube.com/watch?v=yYqYiAcvHD4	05.06.2016	Just because you lie to yourself doesn't mean you didn't screw it up!									Nothing yet					
391	https://www.youtube.com/watch?v=mS1Vyv5HUcI	16.04.2016	Drying out liquid damaged Macbooks is a bad idea	Liquid Damage								Nothing yet					
392	https://www.youtube.com/watch?v=ZxMrd5oiEp0	09.06.2016	Macbook Pro turns on no chime no image repair									Nothing yet					
393	https://www.youtube.com/watch?v=V6cdu9k9Z5M		[Private video]									No video here					
394	https://www.youtube.com/watch?v=bJOXv_nAGgc	11.07.2016	Macbook no backlight troubleshooting same old thing		No Backlight			MacBook				Nothing yet					
395	https://www.youtube.com/watch?v=SdyRp5W5iK4	05.06.2016	Macbook Air fan constantly spinning full speed after liquid spill repair	Liquid Damage	Air Fan Spinning Full Speed Constantly							Nothing yet					
396	https://www.youtube.com/watch?v=h29GpDL0mn4	15.04.2016	Fixing Macbook Pro Retina with no video using brains not oven or heatgun		No Video							Nothing yet					
397	https://www.youtube.com/watch?v=Iysvdv-P_qc	07.06.2016	Brains continue to triumph over ovens and heatguns when fixing Macbooks with no video		No Video							Nothing yet					
398	https://www.youtube.com/watch?v=x2bDVea8z2A	03.06.2016	No vcore on valentines day, a lesson on resentment and CPUIMVP_TON		No Vcore							Nothing yet					
399	https://www.youtube.com/watch?v=S-WJaefAlsg	02.04.2016	What power rail do I check first and what is causing my short to ground?					MacBook Air				Nothing yet					
400	https://www.youtube.com/watch?v=04YpQCXgLyU	01.05.2016	Macbook Air logic board why is SMC_RESET_L missing and why does this matter?									Nothing yet					
401	https://www.youtube.com/watch?v=TzIS_hfeRnU		[Private video]									No video here					
402	https://www.youtube.com/watch?v=T0TVez3YX8Y	16.05.2016	Charging mosfet trolling and a talk on hot air rework stations									Nothing yet					
403	https://www.youtube.com/watch?v=9D7fPlku5iE	14.05.2016	A word on warranty service facilities, ovens, and real troubleshooting!									Nothing yet					
404	https://www.youtube.com/watch?v=urIsWBOJmwU	13.05.2016	No backlight repair with a telemarketer		No Backlight							Nothing yet					
405	https://www.youtube.com/watch?v=cbYi4LjNTLg	11.05.2016	Old Macbook logic board trolls Louis hardcore(and almost wins)									Nothing yet					
406	https://www.youtube.com/watch?v=vd5RbKog8JA	10.05.2016	How the SMC being in the wrong mode can screw up PM_SLP_S4_L									Nothing yet					
407	https://www.youtube.com/watch?v=cFYMu8Y2G08	15.05.2016	Before you say I'm doing it wrong ask why I'm doing it that way!									Nothing yet					
408	https://www.youtube.com/watch?v=HsGUOiNEjvc	12.05.2016	Macbook Air no keyboard or trackpad some tips on repairing logic board		Keyboard Not Working | Trackpad Not Working			MacBook Air				Nothing yet					
409	https://www.youtube.com/watch?v=knMiVDvyQAo	06.05.2016	Breaking down widespread complex damage to make component level repair manageable									Nothing yet					
410	https://www.youtube.com/watch?v=jAY0j8kGF1M	02.05.2016	Macbook no backlight repair tips on using solder wick		No Backlight	Soldering						Nothing yet					
411	https://www.youtube.com/watch?v=zfL0wX5yAxk	27.04.2016	Macbook that doesn't charge magically fixes its own current sensing circuit		No Charging							Nothing yet					
412	https://www.youtube.com/watch?v=XW9aEkToX8w	26.04.2016	Replacing SMD components without burning neighboring connectors without hot tweezers			Soldering						Nothing yet					
413	https://www.youtube.com/watch?v=YUPH7Vaama4	20.04.2016	Troubleshooting dead Retina Macbook Pro		No Power On			MacBook Pro			Retina	Nothing yet					
414	https://www.youtube.com/watch?v=ECWJ3Um1UQU	09.04.2016	Unused diagnostic ports CAN kill your board! Pay attention to them.									Nothing yet					
415	https://www.youtube.com/watch?v=e4zo8mVpxvc	19.03.2016	Macbook Pro PBUS VP0R sensor issue running slow common issue					MacBook Pro				Nothing yet					
416	https://www.youtube.com/watch?v=K5s0IYCA_78	08.05.2016	A bad onewire circuit repair video fixing Macbook Air that doesn't charge		No Charging			MacBook Air				Nothing yet					
417	https://www.youtube.com/watch?v=lvMrfQ3CHmE	04.05.2016	When to replace LED driver on Macbook logic board					MacBook				Nothing yet					
418	https://www.youtube.com/watch?v=9UbgwqIOiG0	07.03.2016	Macbook Air no backlight and no image on LCD logic board repair									Nothing yet					
419	https://www.youtube.com/watch?v=efsk7rR12Zs	21.04.2016	How experienced electronics repair professionals gain intuition									Nothing yet					
420	https://www.youtube.com/watch?v=qjGOfNLT_2A	16.02.2016	Macbook logic board repair complete nightmare everything goes to shit bad day at office									Nothing yet					
421	https://www.youtube.com/watch?v=ocF_hrr83Oc	10.02.2016	How unauthorized idiots repair Apple laptops.									Nothing yet					
422	https://www.youtube.com/watch?v=p8gzLdUKBxk	30.03.2016	Fixing no backlight on liquid damaged Macbook Air logic board (mic died) :(	Liquid Damage	No Backlight							Nothing yet					
423	https://www.youtube.com/watch?v=OxqUpG65kv0	25.03.2016	Macbook logic board repair 820 2936 enters S0 state but doesn't turn on		Enters S0 State | No Power On					820-2936		Nothing yet					
424	https://www.youtube.com/watch?v=zj9RXw6D1H8	20.01.2016	Amtech Syntech solder paste for sale, watch live SMC reballing demonstration			Soldering						Nothing yet					
425	https://www.youtube.com/watch?v=lqcOtcjXwkA	18.01.2016	Repairing Macbook Pro Retina displayport symbol error in ASD		DisplayPort Symbol Error in ASD			MacBook Pro			Retina	Nothing yet					
426	https://www.youtube.com/watch?v=u14u1q_GjRg	18.12.2015	Macbook logic board recognizes battery but won't run off of the battery		Battery Recognized | No Power without Battery							Nothing yet					
427	https://www.youtube.com/watch?v=tfYjQhOdGrs	02.12.2015	Macbook Air flickering screen after liquid damage	Liquid Damage	Screen Flickers			MacBook Air				Nothing yet					
428	https://www.youtube.com/watch?v=fz6JxojgBrw	16.03.2016	Louis pays a debt to Sunny: 820-3437 dead because of missing S5 rails			Shortcircuit				820-3437		Nothing yet					
429	https://www.youtube.com/watch?v=3GNkrQgiwJs	28.01.2016	Short detection on Macbook logic board									Nothing yet					
430	https://www.youtube.com/watch?v=OBlm4sfkG8I	30.11.2015	Raging at board with no power no firewire no backlight		No Power On | No Backlight | No Firewire							Nothing yet					
431	https://www.youtube.com/watch?v=gfQ6Qz0US2Y	23.11.2015	Louis' birthday gift to himself is solving the worst board in the pile	Liquid damage	Missing PM_SLP_S4_L' (reported)	Clock circuit / clock chip corroded		MacBook Pro	A1278	820-3115	Bad previous repair attempt	Nothing yet			Explanation of clock circuit in vid		
432	https://www.youtube.com/watch?v=i3bSCIzxt_s	11.01.2016	820-3209 Macbook logic board tries to turn on but fails entering s0 state		Power On | Fail Entering S0 State			MacBook		820-3209		Nothing yet					
433	https://www.youtube.com/watch?v=7VltAzdVwqc	08.01.2016	Macbook logic board fan spins for one second then turns off		Power Off after 1s Spinning			MacBook				Nothing yet					
434	https://www.youtube.com/watch?v=25wn0KsyIEc	05.01.2016	Macbook 820-2936 logic board dead; diagnosis and repair of U7000 circuit.		No Power ON					820-2936	U7000	Nothing yet					
435	https://www.youtube.com/watch?v=YLK5VnvPDYc	21.12.2015	Overworked & sleepy: 820-3115 Macbook Pro dead logic board repair		No Power ON			MacBook Pro		820-3115		Nothing yet					
436	https://www.youtube.com/watch?v=mRlaIzQs7Pk	27.12.2015	Macbook Air no backlight bad caps shorting power to ground	Bad Capacitors Shorting Power to Ground	No Backlight			MacBook Pro				Nothing yet					
437	https://www.youtube.com/watch?v=KPCWUDDe7es		[Private video]									No video here					
438	https://www.youtube.com/watch?v=2o9Vhp2OFho	31.10.2015	Outsourcing logic board repair sucks									Nothing yet					
439	https://www.youtube.com/watch?v=26cNHSilikI	27.10.2015	Louis keeps his middle finger high for Apple Inc!									Nothing yet					
440	https://www.youtube.com/watch?v=1c9Rec4rTE8	26.10.2015	A lack of success is only failure if you cry about it.									Nothing yet					
441	https://www.youtube.com/watch?v=f1rBRVHsMx0	18.10.2015	Bad backlight coil: how to fix no backlight by replacing the coil :) :) :)	Bad Backlight Coil	No Backlight							Nothing yet					
442	https://www.youtube.com/watch?v=5jfYniTkl7U	17.10.2015	High definition BGA rework camera from advancedreworks.com			Soldering					BGA	Nothing yet					
443	https://www.youtube.com/watch?v=ZkgrxuKThOI	07.10.2015	Macbook Retina no keyboard no trackpad after liquid how to repair	Liquid Damage	Keyboard Not Working | Trackpad Not Working							Nothing yet					
444	https://www.youtube.com/watch?v=uovnac9qYhI	13.10.2015	Diagnosing Macbook Pro SMC failure chip U4900			Diagnostics		MacBook Pro				Nothing yet					
445	https://www.youtube.com/watch?v=f1TKQwsWaOY	17.10.2015	Walkthrough of onewire circuit for green light on magsafe connector									Nothing yet					
446	https://www.youtube.com/watch?v=FzjCA28IeOo	10.10.2015	Macbook Pro dead because T29 boost circuit for thunderbolt is shorting PPBUS_G3H to ground		No Power On			MacBook Pro				Nothing yet					
447	https://www.youtube.com/watch?v=C51_s7ssqlg	09.10.2015	How to replace a backlight fuse without hot air or hot tweezers									Nothing yet					
448	https://www.youtube.com/watch?v=GeFTX4aSoWg	08.12.2015	Solutions based billing says I'm not just replacing the fuse									Nothing yet					
449	https://www.youtube.com/watch?v=81kmdfdLuag	01.10.2015	Short to ground inside the board made humble old country way	Short to Ground								Nothing yet					
450	https://www.youtube.com/watch?v=GRq-1k-aDqY	29.09.2015	Revived Macbook Pro logic board, dead 820-2850 no power.		No Power On			MacBook Pro		820-2850		Nothing yet					
451	https://www.youtube.com/watch?v=BiiDWYW0u1Q	27.09.2015	Sunny fixes a logic board and it works.									Nothing yet					
452	https://www.youtube.com/watch?v=jG0WpGu-0Mk	23.09.2015	820-2850 with no video on screen; we've seen this problem before!	Bad Capacitor	No Video			MacBook Pro	A1286	820-2850	Apple recall re. this problem	Nothing yet					
453	https://www.youtube.com/watch?v=BmM1eiqlf7w	09.11.2015	Fixing Macbook Pro Retina logic boards with no schematic					MacBook Pro			Retina	Nothing yet					
454	https://www.youtube.com/watch?v=v7Kg-wxdhAg		[Private video]									No video here					
455	https://www.youtube.com/watch?v=UjLvchqhvLo	16.10.2015	Another dead Macbook Air logic board check your PP3V42!!									Nothing yet					
456	https://www.youtube.com/watch?v=7Zn-Rj3RuUE	10.09.2015	No trackpad or keyboard on liquid damaged Macbook Air									Nothing yet					
457	https://www.youtube.com/watch?v=GSetI9nfknc	13.09.2015	Tech amateurs replace components, tech PROFESSIONALS provide solutions!									Nothing yet					
458	https://www.youtube.com/watch?v=_LlSuV1JX_w	04.10.2015	How to troubleshoot charger MOSFET on Apple laptop motherboard.									Nothing yet					
459	https://www.youtube.com/watch?v=4NZz0j7UpaE	03.09.2015	Macbook Air in S0 state but not turning on									Nothing yet					
460	https://www.youtube.com/watch?v=rfUH5sk00UI	31.10.2015	No image on Macbook Pro; replace the LCD connector... right?									Nothing yet					
461	https://www.youtube.com/watch?v=93Cgzx7LVpw	28.10.2015	820-2879 Macbook logic board dead because of ripple on PP3V42_G3H rail.							820-2879		Nothing yet					
462	https://www.youtube.com/watch?v=xXPSmvBTrYY	22.08.2015	Why 'professional' Macbook logic board repair costs more than $80; what you get run to eBay.									Nothing yet					
463	https://www.youtube.com/watch?v=2JC3cWTxOuE	14.08.2015	820-3115 logic board no backlight caps shorted to ground	Bad Capacitors Shorting Power to Ground	No Backlight					820-3115		Nothing yet					
464	https://www.youtube.com/watch?v=7qvT6M_wGZA	19.08.2015	Repairing Macbook with no power from charger.		No Power from Charger							Nothing yet					
465	https://www.youtube.com/watch?v=FGYrykiL9rA	27.08.2015	Macbook logic board not charging battery repair.									Nothing yet					
466	https://www.youtube.com/watch?v=D_Eiar3MPck	09.08.2015	How NOT to replace an SMC chip on Macbook logic board.									Nothing yet					
467	https://www.youtube.com/watch?v=-KzzlVkCOVg	08.08.2015	No backlight on Macbook Air, shorted cap in enable circuit.	Bad Capacitors Shorting Power to Ground	No Backlight			MacBook Air				Nothing yet					
468	https://www.youtube.com/watch?v=S1Ni5c0GpXI	06.08.2015	820-2936 Turns on doesn't POST logic board repair		No POST after Power On					820-2936		Nothing yet					
469	https://www.youtube.com/watch?v=blQ8k54nCSM	23.07.2015	Macbook Pro quarter fan spin fixed by replacing current sensing resistors.	Bad resistor on the current sensing of the battery circuit	Quarter fan spin problem	R7051 		MacBook Pro		820-3115	credit to jh86 on the youtube channel	help needed identifying the board					
470	https://www.youtube.com/watch?v=52PO7D3_37Y	20.07.2015	Macbook logic board measures properly but still doesn't work.									Nothing yet					
471	https://www.youtube.com/watch?v=rrraKQlllNA	27.07.2015	Macbook Pro Retina no green light on magsafe logic board repair									Nothing yet					
472	https://www.youtube.com/watch?v=Ho2W902s5P8	18.07.2015	Macbook Pro logic board no video how to repair 820-3330							820-3330		Nothing yet					
473	https://www.youtube.com/watch?v=CzPumaqHA18	16.07.2015	How sharky the oven mit repaired a Macbook Pro logic board with a hole burned through it.									Nothing yet					
474	https://www.youtube.com/watch?v=lQzpg5P0dEw	14.07.2015	TEACHER! Leave them chips alone. All in all, it wasn't a cracked solder ball.									Nothing yet					
475	https://www.youtube.com/watch?v=_qWDVo7bF2U	14.07.2015	PPBUS _G3H shorted to ground by CPU vcore on 820-3209 Macbook Air logic board							820-3209		Nothing yet					
476	https://www.youtube.com/watch?v=rTGFPpKn168	14.07.2015	Macbook Air doesn't chime, no video. Fix it with a heatgun right??									Nothing yet					
477	https://www.youtube.com/watch?v=u1ZGhd2AaJE	06.07.2015	Replacing backlight fuse on Macbook Air.									Nothing yet					
478	https://www.youtube.com/watch?v=VLBiPnmoYz8	05.07.2015	Louis sucks at soldering connectors; if I can do it, SO CAN YOU!!!									Nothing yet					
479	https://www.youtube.com/watch?v=mtlTeWl0rJU	05.07.2015	No power because of high side current sensing malfunction on 820-2936							820-2936		Nothing yet					
480	https://www.youtube.com/watch?v=vVLuW3UUUoo	05.07.2015	Missing PM_SLP_S4_L signal on Macbook Pro 820-2330 logic board.							820-2330		Nothing yet					
481	https://www.youtube.com/watch?v=eU0ucARMzs0	03.07.2015	Keyboard connector replacement with jumper wires.									Nothing yet					
482	https://www.youtube.com/watch?v=ijpyNGOz6as	02.07.2015	Macbook Air no backlight burned feedback line to LP8550 WLED driver									Nothing yet					
483	https://www.youtube.com/watch?v=-ON2dWlYUQA	20.06.2015	Macbook Pro Retina missing PM_SLP_S4_L signal logic board repair									Nothing yet					
484	https://www.youtube.com/watch?v=cLyn1fa86Lc	18.06.2015	Basic no backlight repair on 820-3437 Macbook Air logic board with troubleshooting hints									Nothing yet					
485	https://www.youtube.com/watch?v=rAHLji04zOo	17.06.2015	Macbook Air logic board not turning on because of missing PM_SLP_S4_L signal, no SPI ROM									Nothing yet					
486	https://www.youtube.com/watch?v=-AzDOcIlsSU	15.06.2015	Repairing no video and no firewire on Macbook Pro logic board after liquid damage.									Nothing yet					
487	https://www.youtube.com/watch?v=K4p04rd060I	13.06.2015	Macbook Air not turning on; which power rail do we fix first when they're all missing?									Nothing yet					
488	https://www.youtube.com/watch?v=DkqPk4Op1vs	13.06.2015	820-3330 not charging due to bad ISL6259 QFN chip									Nothing yet					
489	https://www.youtube.com/watch?v=K5ASo2WAJyw	10.06.2015	What's the worst that can happen when I install my own hard drive?									Nothing yet					
490	https://www.youtube.com/watch?v=mr1UVPsExiE	10.06.2015	How to solder ISL6259 QFN chip on Macbook Pro logic board if you suck at soldering.									Nothing yet					
491	https://www.youtube.com/watch?v=I-Fg1ZEqjGI	04.06.2015	Darby's second board 820-3462 not turning on because of spikes on dc in rail.									Nothing yet					
492	https://www.youtube.com/watch?v=zJB5UmX88o8	03.06.2015	Fixing boards with a 102 fever sucks; dead 820-3330 needs a wire.									Nothing yet					
493	https://www.youtube.com/watch?v=xQFFo_8HEe8	17.05.2015	How to fix PP3V42_G3H power supply when resistor trolls you.									Nothing yet					
494	https://www.youtube.com/watch?v=sI7rvFLUzH0	16.05.2015	How to fix no magsafe green light on Macbook Pro logic board.									Nothing yet					
495	https://www.youtube.com/watch?v=JhqooLr2Mgc	29.04.2015	Trackpad causing Macbook Pro logic board to turn off; how to repair.	Pin 2 on U5805 is corroded	Unit turns on and off constantly	U5805 not receiving any voltage through pin 2		MacBook Pro 13"	A1278	820-2936	Strip computer until on/off issue is no longer occurring, then put back together and test one part at a time. If issue appears again after plugging in the trackpad, this could be the cause	Seems to be done?	PandaCommandaa	https://wiki2.rossmanngroup.com/index.php?title=A1278_2011_13%E2%80%9D_Macbook_Pro	Replace U5805 to resolve this issue. N/A on Rossmann store		
496	https://www.youtube.com/watch?v=L-5ZVKgP-aI	21.04.2015	No backlight because of bad switch trace, A1278 Macbook Pro no backlight repair									Nothing yet					
497	https://www.youtube.com/watch?v=iot4lO1Nork	21.04.2015	Why newbies suck at repairing the CPU vcore circuit.									Nothing yet					
498	https://www.youtube.com/watch?v=7aH-3rKHOBA	19.04.2015	No picture because of DIY mess; use the right LCD cable and DON'T LIE!!!									Nothing yet					
499	https://www.youtube.com/watch?v=nOgDhg0HTLU	19.04.2015	Fixing no backlight on DIY messed up Macbook logic board.									Nothing yet					
500	https://www.youtube.com/watch?v=Rzw0erVbRm0	17.04.2015	Diagnosing a dead MCP on a Macbook Pro logic board.									Nothing yet					
501	https://www.youtube.com/watch?v=4fJU6G2SET4	12.04.2015	How DC to DC boost circuits work explained simply; fixing no backlight on 820-2523.									Nothing yet					
502	https://www.youtube.com/watch?v=j6Q1CBwXMtY	11.04.2015	Don't lower yourself by lying; make customers humble when fixing 820-3330 boards with no backlight.									Nothing yet					
503	https://www.youtube.com/watch?v=5NSSsKfU4rA	09.04.2015	Easy idiot-proof trick to replacing LCD connector on Macbook logic board.									Nothing yet					
504	https://www.youtube.com/watch?v=t5fICjcaJ3E	08.04.2015	How to find short circuit component without spending $6k on FLIR cam.									Nothing yet					
505	https://www.youtube.com/watch?v=V8Mt7wn3TEw	02.04.2015	820-3462 Macbook Pro Retina missing PP3V42_G3H due to shorted caps on logic board.					MacBook Pro		820-3462	Retina	Nothing yet					
506	https://www.youtube.com/watch?v=Z02PoeIdgCQ	02.04.2015	No fix; Macbook Pro retina board with shorts to ground inside PCB.									Nothing yet					
507	https://www.youtube.com/watch?v=75YHMVHkj28	01.04.2015	Macbook Pro logic board not charging battery, missing pullup resistor on SMC data line.									Nothing yet					
508	https://www.youtube.com/watch?v=keqFsyeC4jo	31.03.2015	820-3330 current sensing repair on Macbook Pro charging circuit.									Nothing yet					
509	https://www.youtube.com/watch?v=EDjwYf_GzK0	22.03.2015	Macbook Pro logic board repair; not turning on, step by step fix.		No Power On			MacBook Pro		820-3330		Nothing yet					
510	https://www.youtube.com/watch?v=6I2Rd2iVa64	18.03.2015	Troubleshooting Macbook Pro battery recognition issues at component level.									Nothing yet					
511	https://www.youtube.com/watch?v=CPcwq4CS1EE	03.03.2015	820-3115 Macbook logic board repair PP3V42_G3H and PPBUS_G3H missing.									Nothing yet					
512	https://www.youtube.com/watch?v=_KbIw3cwIW4	28.02.2015	How to solder WLED driver LP8550 BGA chip on a Macbook Air									Nothing yet					
513	https://www.youtube.com/watch?v=wpAJo71Km1w	17.01.2015	Louis makes Macbook logic board repair look easy.									Nothing yet					
514	https://www.youtube.com/watch?v=PtEDoMV5oe8	04.01.2015	What is current sensing and how does it stop my Macbook from charging?									Nothing yet					
515	https://www.youtube.com/watch?v=XqaZpIDEju8	02.01.2015	Drag soldering to repair Macbook Pro LVDS connector.									Nothing yet					
516	https://www.youtube.com/watch?v=ymMmi0790AY	02.01.2015	How does PP3V42_G3H circuit work and does it require PPBUS_G3H to operate?									Nothing yet					
517	https://www.youtube.com/watch?v=FLH2Ns7Zqo8	28.12.2014	Macbook charger green light; or what is the onewire circuit and why should I care?									Nothing yet					
518	https://www.youtube.com/watch?v=fh4hpM8JyvM	25.12.2014	Importance of DIODE MODE measurements for troubleshooting.  820-2879 no trackpad									Nothing yet					
519	https://www.youtube.com/watch?v=xRwfJpNvWI0	23.12.2014	Zhuo Mao ZM-R6200c for Macbook Pro logic board repair, 2011 GPU issue 820-2915									Nothing yet					
520	https://www.youtube.com/watch?v=7oSXma8pExg	21.12.2014	Don't pee on your Macbook!									Nothing yet					
521	https://www.youtube.com/watch?v=NoWjgWSaOZw	14.12.2014	820-3115 does not see hard drive logic board repair.							820-3115		Nothing yet					
522	https://www.youtube.com/watch?v=QSsXeTbhXfo	22.10.2014	Fixing not chiming Macbook Pro - no CPU VCORE on 820-2915 because of CPUIMVP_TON.		No Chiming			MacBook Pro		820-2915		Nothing yet					
523	https://www.youtube.com/watch?v=HtTsthC-YQI	22.10.2014	Replacing LVDS connector on A1286 Unibody Macbook Pro with Weller WMP65.					MacBook Pro	A1286		Unibody	Nothing yet					
524	https://www.youtube.com/watch?v=yOgrBYy0F88	18.10.2014	Unibody Macbook Pro no wifi logic board repair 820-2915							820-2915		Nothing yet					
525	https://www.youtube.com/watch?v=Zo3J8NCKNCo	18.10.2014	820-3023 logic board repair - how CPU power circuit works on Macbook Air							820-3023		Nothing yet					
526	https://www.youtube.com/watch?v=WYcl2ZkqNjk	17.10.2014	How Macbook Pro logic board power circuit works - 820-2915 logic board repair.							820-2915		Nothing yet					
527	https://www.youtube.com/watch?v=1AcEt073Uds	16.10.2014	Reballing flip chip GPUs is BULLSHIT - the truth about dead laptop GPUs & repairing them.									Nothing yet					
528	https://www.youtube.com/watch?v=3GYluHux0Zo	02.10.2014	820-3209 restoring vcore while half asleep(I'm not a morning person)							820-3209		Nothing yet					
529	https://www.youtube.com/watch?v=IVgKJF_dIy0	06.10.2014	820-3437 not turning on no PP5V logic board repair.							820-3437		Nothing yet					
530	https://www.youtube.com/watch?v=xThmFpbZVN4	14.08.2014	820-2567 A1342 White Unibody Macbook no backlight logic board repair							820-2567		Nothing yet			Old/unsupported model		
531	https://www.youtube.com/watch?v=ryaTTBn9zXE	28.09.2014	Macbook liquid spill - 820-2879 not charging logic board repair							820-2879		Nothing yet					
532	https://www.youtube.com/watch?v=9nNiIspGiDo	20.09.2014	Introduction to new logic board repair channel.									Not board repair			Not a board repair; Louis gets some good camera equipment		
533	https://www.youtube.com/watch?v=sWdyfsh8hpA	22.09.2014	Macbook liquid spill logic board repair. Running slow, 820-2936							820-2936		Nothing yet					
534	https://www.youtube.com/watch?v=_zfple3jbmg		[Private video]							820-2936		No video here					
535	https://www.youtube.com/watch?v=885LDVit1Yw	01.10.2014	logic board repair 820-2879 - not charging - not turning on - no backlight.		No Power	No Backlight		Macbook Pro	A1278	820-2879		Nothing yet					
536	https://www.youtube.com/watch?v=P89b9oKxxfU	20.08.2014	Macbook Air no backlight logic board repair A1466 820-3437		No Backlight	Broken feedback trace		Macbook Air	A1466	820-3437		done	GodLike3539	https://wiki2.rossmanngroup.com/index.php?title=A1466_2013-2014_13%E2%80%9D_Macbook_Air	Solution already in guide		
537	https://www.youtube.com/watch?v=WHx1mzlwGpY	01.09.2014	Macbook Pro logic board repair 820-3115 no vcore no chime		No vcore, no chime	R7402 broken		Macbook Pro	A1278	820-3115		done	GodLike3539	https://wiki2.rossmanngroup.com/index.php?title=A1278_2012_13%E2%80%9D_Macbook_Pro			
538	https://www.youtube.com/watch?v=i_ziYgCRd0s	12.08.2014	820-2879 not charging macbook pro logic board repair		Not charging	R7021 and R7022 out of spec		Macbook Pro	A1278	820-2879 		done	GodLike3539	https://wiki2.rossmanngroup.com/index.php?title=A1278_2010_13%E2%80%9D_Macbook_Pro	Only charges when in sleep!		
539	https://www.youtube.com/watch?v=Hq2eYDPzPaI	05.08.2014	820-3115 Unibody Macbook Pro A1278 no backlight - finding the short & fixing the issue		No Backlight	Short on Display Connector, Backlight-fuse blown	Q9707 shorted	Macbook Pro	A1278	820-3115	Unibody	done	GodLike3539	https://wiki2.rossmanngroup.com/index.php?title=A1278_2012_13%E2%80%9D_Macbook_Pro	Voltage injection not suitable for finding shorted connector (no heating at 10+ A)		
540	https://www.youtube.com/watch?v=SVdQ-2njL6U	03.03.2013	No backlight on Unibody Macbook - how to fix via QFN soldering.		No Backlight	Soldering		MacBook			Unibody	Nothing yet					
541	https://www.youtube.com/watch?v=TXtQ1Z2oJxI	02.01.2014	Macbook pro logic board component level repair 820-2936 liquid spill	Liquid Damage				MacbookPro	A1278	820-2936		done					
542	https://www.youtube.com/watch?v=YQxCe0iZ9Q8	29.07.2013	A1181 White Macbook no backlight logic board repair		No backlight			MacBook	A1181		White MacBook	Nothing yet			Unlisted video; old/unsupported model		
543	https://www.youtube.com/watch?v=lsdzDTjPukU		[Private video]									No video here					
544	https://www.youtube.com/watch?v=NKXzm_fkja4	27.06.2014	How to solder backlight fuse on Unibody Macbook without rework station.									Not Board Repair			Old/unsupported model		
545	https://www.youtube.com/watch?v=5FIsnGAOOl8	05.07.2014	Macbook Pro logic board repair - charges battery but won't run off battery. 820-2915							820-2915		done					
546	https://www.youtube.com/watch?v=9cs3f-oI-lI	06.07.2014	Macbook logic board repair - 820-2530 no backlight repair,	Liquid Damage	No backlight	Enable pin : Should get voltage on pin 4 (the LP 8543sQ) 				820-2530		done			The 301kOhm resistor in between the 12V  LCD backlight power and the backlight enabled was dead		